comment_id,enhanced_aggressive_compound,enhanced_comprehensive_compound,enhanced_hybrid_compound,enhanced_minimal_compound,enhanced_moderate_compound,stock_vader_compound,enhanced_aggressive_sentiment,enhanced_comprehensive_sentiment,enhanced_hybrid_sentiment,enhanced_minimal_sentiment,enhanced_moderate_sentiment,stock_vader_sentiment,comment_text,artist
Ugw0Up60_uSlr0ZTuOV4AaABAg,0.6369,0.6369,0.6369,0.6369,0.6369,0.6369,positive,positive,positive,positive,positive,positive,"0:48  for my Bada fans, start here💙",Flyana Boss
Ugw11jAIb6GrHoGBjw94AaABAg,0.4404,0.4404,0.4404,0.4404,0.4404,0.4404,positive,positive,positive,positive,positive,positive,I'm a Korean student. I sympathize with your song❤️‍🔥🇰🇷 I hope you become more famous.,Corook
Ugw1jUXHJ8mVBy78eVZ4AaABAg,0.0,0.0,0.0,0.0,0.0,0.0,neutral,neutral,neutral,neutral,neutral,neutral,This is going in the playlist,BiC Fizzle
Ugw2rr8f2EY5CyFogpZ4AaABAg,0.7765,0.7765,0.7765,0.7765,0.7765,0.7765,positive,positive,positive,positive,positive,positive,Your music is always so goddamn relatable.  Hope you remembered how fabulous you are today ❤,Corook
Ugw3c8xmLnWUzJIB1OB4AaABAg,-0.4738,-0.4738,-0.4738,-0.4738,-0.4738,-0.4738,negative,negative,negative,negative,negative,negative,"Been crying over this for weeks, so excited to finally hear the rest of it. Will be crying for weeks more",Corook
Ugw3lFvwMnIKnyDtAW14AaABAg,0.7387,0.7387,0.7387,0.7387,0.7387,0.7387,positive,positive,positive,positive,positive,positive,Your voice sounds nothing like your music but I love both voices,COBRAH
Ugw4E2zDNybCvdKtmA54AaABAg,-0.4943,-0.4943,-0.4943,-0.4943,-0.4943,-0.4943,negative,negative,negative,negative,negative,negative,Those sculptures are cool as hell so wicked 🖤.,COBRAH
Ugw4MVwlhfk4DULd5QZ4AaABAg,0.5707,0.5707,0.5707,0.5707,0.5707,0.5707,positive,positive,positive,positive,positive,positive,Congrats on actually getting this song in the game!,Corook
Ugw4_Aa2loiG21GYQ6l4AaABAg,0.6369,0.6369,0.6369,0.6369,0.6369,0.6369,positive,positive,positive,positive,positive,positive,"Acabo de encontrarte Cobrah ❤ y me enamoré de tu estilo , me explota la cabeza🌟",COBRAH
Ugw82iWJcNuSt3Me6e54AaABAg,0.5075,0.5075,0.5075,0.5075,0.5075,0.5075,positive,positive,positive,positive,positive,positive,I’m not being funny or anything but not only is this a catchy tune but it’s cleverrrrrr!! Can’t wait to see what you both do with your future 🥳,Flyana Boss
Ugw8aLmYGVHedzretOh4AaABAg,0.7096,0.6705,0.2023,0.2023,0.2023,0.2023,positive,positive,positive,positive,positive,positive,I’m obsessed with everything you two are and do😅,Flyana Boss
Ugw8mBiZYEg7dtuFcul4AaABAg,-0.2887,-0.2887,-0.2887,-0.2887,-0.2887,-0.2887,negative,negative,negative,negative,negative,negative,Corook must be protected!!! 🥺❤️ Thank you for braving the hate to send your music to the people that need to hear it! I wish I could be a shield for all the hurtful things that have been said.,Corook
Ugw8o5WvpWJx22OPjlh4AaABAg,0.8745,0.8745,0.8745,0.8745,0.8745,0.8745,positive,positive,positive,positive,positive,positive,"Chin up, love. Keep being you! Your tribe will come! 💛",Corook
Ugw8vtMtB79D73O_WQt4AaABAg,0.7906,0.7906,0.7906,0.7906,0.7906,0.7906,positive,positive,positive,positive,positive,positive,It's cool to see Nick Cannon hanging out with Flyanna Boss. OMG. Isn't one of the members now pregnant? That's what happens when you hang out with Nick Cannon. 🤣😅,Flyana Boss
UgwAkmlSS_n7qcujde14AaABAg,0.6416,0.5719,0.5719,0.5719,0.5719,0.0,positive,positive,positive,positive,positive,neutral,"This song is such a banger, on loop 24/7",re6ce
UgwB1aZcuSPQ_X-oeol4AaABAg,0.6416,0.5719,0.5719,0.5719,0.5719,-0.34,positive,positive,positive,positive,positive,negative,Yo this is fire,Corook
UgwCTa1SxGP8K6IBpbl4AaABAg,0.9423,0.9423,0.9423,0.9423,0.9423,0.9423,positive,positive,positive,positive,positive,positive,Great music ladies 💕 love it ✨,Flyana Boss
UgwCq6vetsDByU7GPpl4AaABAg,0.4588,0.4588,0.4588,0.4588,0.4588,0.4588,positive,positive,positive,positive,positive,positive,Ur so relatable ur one of my favorite artists atm,Corook
UgwD5U6TBDUrCEg5NK14AaABAg,0.4215,0.4215,0.4215,0.4215,0.4215,0.4215,positive,positive,positive,positive,positive,positive,lol she’s 24. From Detroit,Flyana Boss
UgwDXTQptEeRp8lLvXt4AaABAg,0.0,0.0,0.0,0.0,0.0,0.0,neutral,neutral,neutral,neutral,neutral,neutral,Runnnn yalll,Flyana Boss
UgwDiOLSAyB9VdcHjaZ4AaABAg,0.9478,0.9478,0.9478,0.9478,0.9478,0.9478,positive,positive,positive,positive,positive,positive,Omg you two are PERFECT for each other!!! ❤😊,Corook
UgwENWxhPEhZekimzQx4AaABAg,0.9001,0.9001,0.9001,0.8402,0.9001,0.8074,positive,positive,positive,positive,positive,positive,I'm obsessed 😍 is there a full version of this song? 😊,Corook
UgwFHEn66EsjH6ES_5h4AaABAg,0.4753,0.0,0.0,0.0,0.0,0.0,positive,neutral,neutral,neutral,neutral,neutral,Gives me KDA vibes and I'm all for it!,Flyana Boss
UgwFkCIFm8-wPEeZzdB4AaABAg,0.4588,0.4588,0.4588,0.4588,0.4588,0.4588,positive,positive,positive,positive,positive,positive,i search this song after watch kinds of kindness trailer,COBRAH
UgwFuuFG7dkKgdBljH14AaABAg,0.8271,0.7096,0.7096,0.7096,0.7096,0.7096,positive,positive,positive,positive,positive,positive,"Early 2000s dirty south vibes, and i mean that in the best way.  This is fantastic.",Flyana Boss
UgwHgR5_FNmQ2NOIG0l4AaABAg,0.3612,0.3612,0.0,0.0,0.0,0.0,positive,positive,neutral,neutral,neutral,neutral,Mother feeding us our summer bops,COBRAH
UgwHmDEQBpnei3mPTrN4AaABAg,0.0,0.0,0.0,0.0,0.0,0.0,neutral,neutral,neutral,neutral,neutral,neutral,Midsommar deleted scene.,COBRAH
UgwIM50BX6rDExOJzCN4AaABAg,0.4836,0.3818,0.3818,0.3818,0.3818,-0.5423,positive,positive,positive,positive,positive,negative,"Fire drop, from favourite artist",re6ce
UgwIjvP_Xosj4uuqQUR4AaABAg,0.7156,0.7405,0.7405,0.7405,0.7405,0.7405,positive,positive,positive,positive,positive,positive,THIS IS PHENOMENAL!!! Just a whole Masterpiece!!,Corook
UgwJ85vgjc1f8y3WmI54AaABAg,0.6416,0.5719,0.5719,0.5719,0.5719,-0.34,positive,positive,positive,positive,positive,negative,Young Lyricist's right here 🔥 need more of this duo 💯,BiC Fizzle
UgwM5yNS7uSkhgsVqCp4AaABAg,0.6369,0.6369,0.6369,0.6369,0.6369,0.6369,positive,positive,positive,positive,positive,positive,I love her unique flow in her rapping style,Flyana Boss
UgwM9f3z8tyimE0mCBp4AaABAg,0.9719,0.9719,0.9719,0.9719,0.9719,0.9719,positive,positive,positive,positive,positive,positive,Love this ❤❤❤❤,Flyana Boss
UgwMVhlHb12eFUOcyNh4AaABAg,0.9289,0.9289,0.9289,0.9289,0.9289,0.9289,positive,positive,positive,positive,positive,positive,"I’m on my 10th loop, I’ve sent it to two friends because your song writing and vocal choices are just so perfect. Thank you for sharing!",Corook
UgwNjtnQuSyej5rWxnd4AaABAg,0.5161,0.5161,0.5161,0.5161,0.5161,0.5161,positive,positive,positive,positive,positive,positive,"LYRICS GO SO HARD, GONNA STREAM RN AHHH I LOVE YALL",Flyana Boss
UgwQ0AAEsNhzOLojTpV4AaABAg,0.0,0.0,0.0,0.0,0.0,0.0,neutral,neutral,neutral,neutral,neutral,neutral,I came form 2023 🗿,Flyana Boss
UgwQCi3vpw_Ju8FwL2B4AaABAg,0.0,0.0,0.0,0.0,0.0,0.0,neutral,neutral,neutral,neutral,neutral,neutral,Come on mama. Get it💃🏾💃🏾💃🏾,Flyana Boss
UgwQL9id1xR1y1meQNx4AaABAg,0.4939,0.4939,0.4939,0.4939,0.4939,0.4939,positive,positive,positive,positive,positive,positive,This is adorable,Corook
UgwS1f-MYRa53mszjjp4AaABAg,0.9433,0.9433,0.9433,0.9433,0.9433,0.9433,positive,positive,positive,positive,positive,positive,"I have no idea how you have the power to make every song feel so nostalgic 💖 it's beautiful, so glad we have a voice like yours. Keep it up💪🏾",Corook
UgwT97PQC3_CtrYQ2_J4AaABAg,0.4404,0.4404,0.4404,0.4404,0.4404,0.4404,positive,positive,positive,positive,positive,positive,ever since i found re6ce my life has gotten a bit better each day.,re6ce
UgwTa7M2VY1nkak2gMV4AaABAg,0.9337,0.9337,0.9337,0.9337,0.9337,0.9337,positive,positive,positive,positive,positive,positive,😂 i love your acting and plus your songs are just **chefs kiss** ❤,Corook
UgwUJfaXbnrLPxikcIB4AaABAg,0.3975,0.3975,0.3975,0.3975,0.3975,0.3975,positive,positive,positive,positive,positive,positive,She's 100% the coworker the whole place collectively doesn't ever want to work with 😂,Flyana Boss
UgwUV4gY7GQM68lUX6B4AaABAg,0.6369,0.6369,0.6369,0.6369,0.6369,0.6369,positive,positive,positive,positive,positive,positive,This is a 2 and a half minute mobile tiny desk concert and also one of the best things i've seen in a minute,Flyana Boss
UgwUnQlE5taqzf38dw94AaABAg,0.9444,0.926,0.926,0.926,0.926,-0.5859,positive,positive,positive,positive,positive,negative,That picture or her is giving Hellraiser.🔥🔥🔥,COBRAH
UgwUu-Sm5vJG9S5CITp4AaABAg,0.0,0.0,0.0,0.0,0.0,0.0,neutral,neutral,neutral,neutral,neutral,neutral,THAT is what you call stage presence,Flyana Boss
UgwUua5940B27tGAPq14AaABAg,0.7627,0.7627,0.7627,0.7627,0.7627,0.7627,positive,positive,positive,positive,positive,positive,I SERIOUSLY love this song…. Please make these different clips to a full  music video to the song…. Seriously ✌🏻,Corook
UgwV2G7SpkclvY7GVi14AaABAg,0.9784,0.9784,0.9784,0.9784,0.9784,0.9784,positive,positive,positive,positive,positive,positive,"❤❤❤ 😊

THAT PUPPY IS THE MAIN ATTRACTION 😍",Flyana Boss
UgwVewtcdRby44arKAt4AaABAg,0.3774,0.3774,0.3774,0.3774,0.3774,0.3774,positive,positive,positive,positive,positive,positive,The uniqueness is so dope please don't ever change ladies,Flyana Boss
UgwZ9QHWY_8y05PyNcx4AaABAg,0.7184,0.7184,0.7184,0.7184,0.7184,0.7184,positive,positive,positive,positive,positive,positive,Literally going to blow up😻😻👑👑👑,Flyana Boss
UgwcNq7ew_ugViec72x4AaABAg,0.784,0.784,0.784,0.784,0.784,0.784,positive,positive,positive,positive,positive,positive,"As someone chronically ill in a degenerative way, I just broke down crying (in a good way). This song is so beautiful and hits a personal nerve in the best way. Thank you.",Corook
UgwcTDMd8kA8RIM5ol14AaABAg,0.7964,0.7964,0.7964,0.7964,0.7964,0.7964,positive,positive,positive,positive,positive,positive,This is gonna go viral 😂❤,Flyana Boss
UgwdLKEn3Zm572NAkid4AaABAg,0.9828,0.9761,0.9761,0.9761,0.9761,-0.8807,positive,positive,positive,positive,positive,negative,Yeah this is going on the gym playlist 🔥🔥🔥🔥🔥🔥,Flyana Boss
UgwdTP1WInuCe9VT7_h4AaABAg,0.0,0.0,0.0,0.0,0.0,0.0,neutral,neutral,neutral,neutral,neutral,neutral,FIREEE,Flyana Boss
Ugwe8Og4I9UMrQQrzZF4AaABAg,0.8519,0.8519,0.8519,0.8519,0.8519,0.8519,positive,positive,positive,positive,positive,positive,"You're awesome Corook, don't let those idiots who've never made a thing in their lives slow you down ❤",Corook
UgwfJbISKgWY5vTJ3bB4AaABAg,0.0,0.0,0.0,0.0,0.0,0.0,neutral,neutral,neutral,neutral,neutral,neutral,Corook your voice is unreal,Corook
Ugwg6PKLiTja2lWYjxh4AaABAg,0.6369,0.6369,0.6369,0.6369,0.6369,0.6369,positive,positive,positive,positive,positive,positive,This is the best visualizer I've ever seen,re6ce
Ugwglh5IQXhv79hG1xB4AaABAg,0.1487,0.1487,0.1487,0.1487,0.1487,0.1487,positive,positive,positive,positive,positive,positive,Whoever films yalls stuff is actually nuts such good cinematography,Flyana Boss
Ugwjo6gz6uVDIV29uht4AaABAg,0.6997,0.6997,0.6997,0.1513,0.1513,0.1513,positive,positive,positive,positive,positive,positive,"It’s crazy how pain, can create something so beautiful",Raiche
Ugwju3p5Q-FfFgJR_4t4AaABAg,0.6369,0.6369,0.6369,0.6369,0.6369,0.6369,positive,positive,positive,positive,positive,positive,Ya’ll so fly and I love that blue. Gurl 🫰🏾,Flyana Boss
UgwmCrOt0Vl1SVKUlTJ4AaABAg,0.926,0.926,0.926,0.926,0.926,0.926,positive,positive,positive,positive,positive,positive,"I love it, great voice Olivia ❤",Corook
UgwndMOxJ0HQcQ5L6YR4AaABAg,0.0,0.0,0.0,0.0,0.0,0.0,neutral,neutral,neutral,neutral,neutral,neutral,Facts. That hair be thin af. We got to buy more than the usual pack for braids.,Flyana Boss
Ugwnx4OyuDpmttYfa-B4AaABAg,-0.6715,-0.6715,-0.6715,-0.6715,-0.6715,-0.6715,negative,negative,negative,negative,negative,negative,"I'm not a black man , infact I'm an east asian woman but hear me out i can carry your groceries ?? 😭",Flyana Boss
UgwoRDYdeTP8P-kdXEd4AaABAg,-0.5574,-0.5574,-0.5574,-0.5574,-0.5574,-0.5574,negative,negative,negative,negative,negative,negative,"That whole lyric sequence is on point

Hello christ

Im bout to sin again

Its just so fucking catchy",Flyana Boss
UgwohDU_WdYB0KdYG0h4AaABAg,0.8268,0.8268,0.8268,0.8268,0.8268,0.8268,positive,positive,positive,positive,positive,positive,"You remind me so much of my kid. I recently found your music and I really like it. Keep going, keep growing & keep being you ❤",Corook
UgwqCfzkCxKZEsCarcd4AaABAg,0.8519,0.8519,0.8519,0.7096,0.8519,0.7096,positive,positive,positive,positive,positive,positive,"It's such a bop, plus it's cute and funny. 10/10.",Corook
UgwrCQ1wSZqNVIk7q3R4AaABAg,0.0,0.0,0.0,0.0,0.0,0.0,neutral,neutral,neutral,neutral,neutral,neutral,"""Money don't grow on trees but it do on me"" 💅🏾",Flyana Boss
UgwrD-Oo_-HoBRARRIF4AaABAg,0.0,0.0,0.0,0.0,0.0,0.0,neutral,neutral,neutral,neutral,neutral,neutral,Bro really took his time on this album ✅,BiC Fizzle
UgwrUMEHwyoeJEPY5Q14AaABAg,0.985,0.985,0.985,0.985,0.985,0.985,positive,positive,positive,positive,positive,positive,"This is not hyperbole - you are seriously my favorite new artist. I don't know how you do it, but you just keep getting better and better! I can't thank you enough for sharing your heart, your thoughts, your words, your truth... so expressively beautiful. Fan for life!! 🐸🩰",Corook
Ugwsixk1xz6Fntjo0r94AaABAg,0.875,0.875,0.875,0.875,0.875,0.875,positive,positive,positive,positive,positive,positive,Future of music 💓,COBRAH
UgwsmNTZCvFXarvXUmB4AaABAg,-0.3818,-0.3818,-0.3818,-0.3818,-0.3818,-0.3818,negative,negative,negative,negative,negative,negative,Sitting here as a queer person in a parking lot of a church just waiting on my family to get out and sobbing my eyes out.. this song hits all the right things and just… oof,Corook
UgwtRox3j75Ie3L0q0d4AaABAg,0.0,0.0,0.0,0.0,0.0,0.0,neutral,neutral,neutral,neutral,neutral,neutral,“Sneak dissin is high treason” Bruh. 👀👀👀👏🏽,Flyana Boss
UgwubJAfvSBiTNMirS14AaABAg,0.7767,0.7767,0.7767,0.5229,0.7767,0.5229,positive,positive,positive,positive,positive,positive,Another bop like always!!!,Flyana Boss
UgwxdJCFgss1ZUaGart4AaABAg,0.5267,0.4588,-0.1779,-0.1779,-0.1779,-0.1779,positive,positive,negative,negative,negative,negative,Obsessed with the little exit chorus at the end,COBRAH
UgwzD9KKJraPmdwRRot4AaABAg,0.9505,0.9286,0.9286,0.9286,0.9286,-0.8661,positive,positive,positive,positive,positive,negative,They dope as a mf.....Letssss go🔥🔥🔥🔥🔥They are very unique they not looking like everyone else...They got there own style they got something with this...They are mf superstars in the mf making....,Flyana Boss
Ugx-RYsYMkkmi-Tt6YZ4AaABAg,0.7053,0.6523,0.6523,0.6523,0.6523,0.0,positive,positive,positive,positive,positive,neutral,I’m begging for a longer version. This song SLAPS,Flyana Boss
Ugx-iX7y7j0FZe1zQ294AaABAg,-0.34,-0.34,-0.34,-0.34,-0.34,-0.34,negative,negative,negative,negative,negative,negative,"This is like some Britney, Gaga and Die Antwoord style mixed together",COBRAH
Ugx0v614CPCOAxs2JgZ4AaABAg,0.8074,0.8074,0.8074,0.6369,0.8074,0.6369,positive,positive,positive,positive,positive,positive,Love it ladies keep it going the visuals are iconic,Flyana Boss
Ugx28-_Vq75ZqnRpCRp4AaABAg,0.0,0.0,0.0,0.0,0.0,0.0,neutral,neutral,neutral,neutral,neutral,neutral,The real fizzle is named Fizzle,BiC Fizzle
Ugx2r8vpAYoxmmStLx14AaABAg,0.5906,0.5906,0.5906,0.5906,0.5906,0.5906,positive,positive,positive,positive,positive,positive,THIS IS LIVE ONE OF MY NEW FAVES from them I literally adore this chorus,Flyana Boss
Ugx4NnojS95S4ZTzA1l4AaABAg,0.8516,0.8516,0.8516,0.5562,0.5562,0.5562,positive,positive,positive,positive,positive,positive,This is one of my favorite songs in the WORLD and now it’s covered by one of my favorite artists?! <333 this is insane,re6ce
Ugx5GOXWUWlJXokEuVl4AaABAg,0.4576,0.4576,0.4576,0.4576,0.4576,0.4576,positive,positive,positive,positive,positive,positive,Been stuck in my head for weeks now. Very happy to hear the full song,Corook
Ugx5f8w04AjY_E_YYwh4AaABAg,0.9542,0.9348,0.9348,0.9348,0.9348,-0.8667,positive,positive,positive,positive,positive,negative,This beat so hard mane 🔥🔥🔥🔥🔥🫱🏾‍🫲🏿,BiC Fizzle
Ugx5mXNOjhkkV9OQ_O94AaABAg,0.0,0.0,0.0,0.0,0.0,0.0,neutral,neutral,neutral,neutral,neutral,neutral,Who's here after seeing the new Emma Stone's movie trailer?,COBRAH
Ugx6ZqaaSbqMV1RYPA54AaABAg,0.784,0.784,0.784,0.784,0.784,0.784,positive,positive,positive,positive,positive,positive,I love how strange and adorable they are!,Flyana Boss
UgxA2pSle0TKHzI-VFp4AaABAg,0.4404,0.4404,0.4404,0.4404,0.4404,0.4404,positive,positive,positive,positive,positive,positive,Mum and daughter carbon copy of each other 😂,Flyana Boss
UgxA85dOnnEa_056nRh4AaABAg,0.929,0.9022,0.9022,0.9022,0.9022,-0.7351,positive,positive,positive,positive,positive,negative,The album gonna be🔥🔥🔥💃🏾💃🏾💃🏾💃🏾,Flyana Boss
UgxBifOK9a2l6YTiOid4AaABAg,0.9001,0.8591,0.8591,0.8591,0.8591,0.8591,positive,positive,positive,positive,positive,positive,Full version please☺️ i love the song's vibe❤️,Corook
UgxCC7zdMNb1n_MtrJl4AaABAg,0.6666,0.6666,0.6666,0.6666,0.6666,0.6666,positive,positive,positive,positive,positive,positive,"this song is so wholesome, i love it so much :,-)",Corook
UgxCfvA-FBd8P4pi3Pp4AaABAg,0.4836,0.3818,0.3818,0.3818,0.3818,-0.5423,positive,positive,positive,positive,positive,negative,Everything these ladies drop be fire.🙏,Flyana Boss
UgxCzbWfGCnC3cny-294AaABAg,0.0,0.0,0.0,0.0,0.0,0.0,neutral,neutral,neutral,neutral,neutral,neutral,Gonna be a long journey: all those places are across the Atlantic,Corook
UgxDYBBql6MvI2rzX6N4AaABAg,0.0,0.0,0.0,0.0,0.0,0.0,neutral,neutral,neutral,neutral,neutral,neutral,Self Made sent me!!!❤️,Raiche
UgxFCjLVs5M6_0IWPN14AaABAg,0.6416,0.5719,0.5719,0.5719,0.5719,-0.34,positive,positive,positive,positive,positive,negative,"""I'm a beast I thought I said"" fire line",Flyana Boss
UgxFhzCCk3qPUaTSQZR4AaABAg,0.7717,0.7717,0.7717,0.7717,0.7717,0.7717,positive,positive,positive,positive,positive,positive,This is what it looks like when I fall in love. Can't get close enough. Must be melted into you.,COBRAH
UgxIgOqxwFC_AO-uGpR4AaABAg,0.0258,0.0258,0.0258,0.0258,0.0258,0.0258,neutral,neutral,neutral,neutral,neutral,neutral,When you went to college for the party but COVID happened so all you got was a boring degree (and 50 grand in debt) 😔,Corook
UgxKkKJGjkApnw9hSt14AaABAg,0.6666,0.6666,0.6666,0.6666,0.6666,0.6666,positive,positive,positive,positive,positive,positive,COBRAH U NEED TO MAKE MORE MUSIC I LOVE U,COBRAH
UgxMfInldfGhTm25LR54AaABAg,0.6269,0.6269,0.6269,0.6269,0.6269,0.6269,positive,positive,positive,positive,positive,positive,PERIOD YOU LOOK SO PRETTY,Flyana Boss
UgxMxf_VP79qQExytGF4AaABAg,0.5859,0.5859,0.5859,0.5859,0.5859,0.5859,positive,positive,positive,positive,positive,positive,"Hell yeah 👍😎 married to the bank account. Also, Pikachu ❤️🤍🖤",Flyana Boss
UgxNAzqzEgQzdvWF4qZ4AaABAg,0.8326,0.8326,0.8326,0.6369,0.8326,0.6369,positive,positive,positive,positive,positive,positive,"Quavo just totally ate this one, sheeesh love it",BiC Fizzle
UgxNPDGKkNmlLkx2QoR4AaABAg,-0.5209,-0.5209,-0.5209,-0.5209,-0.5209,-0.5209,negative,negative,negative,negative,negative,negative,your music is so underrated 😭🫶⭐️,re6ce
UgxNWTqpcqIK82FIpIp4AaABAg,0.8625,0.8625,0.8625,0.6597,0.6597,0.6597,positive,positive,positive,positive,positive,positive,Lmao they drive me crazy too bic 😂,BiC Fizzle
UgxNtGdPH83H--7mIa94AaABAg,0.4026,0.4026,0.7622,0.4026,0.4026,0.4026,positive,positive,positive,positive,positive,positive,I am so excited 😆 I want Ludacris to see this and be featured on your song. It's so damn addictive,Flyana Boss
UgxOJBWUrWI6sLQK0jx4AaABAg,0.6239,0.6239,0.6239,0.6239,0.6239,0.6239,positive,positive,positive,positive,positive,positive,"Your melodies and lyrics are top notch! Glad I ""discovered"" you.",Corook
UgxOXx0_D5fZsllTH4d4AaABAg,0.0,0.0,0.0,0.0,0.0,0.0,neutral,neutral,neutral,neutral,neutral,neutral,Self made yassssss,Raiche
UgxOk2NJdlvnNpGPYOh4AaABAg,0.5622,0.5622,0.5622,0.5622,0.5622,0.5622,positive,positive,positive,positive,positive,positive,OMGG HARRY IS SUCH A GOOD DANCER STAN DKB 🫶🫶‼️‼️,Flyana Boss
UgxQ2_AKxyBJtHHHaKN4AaABAg,-0.4184,-0.4184,-0.4184,-0.4184,-0.4184,-0.4184,negative,negative,negative,negative,negative,negative,Wait wait wait!! I mustve missed so much.,Flyana Boss
UgxR2rir5BcOtp4w5sp4AaABAg,-0.1635,-0.1635,-0.1635,-0.1635,-0.1635,-0.1635,negative,negative,negative,negative,negative,negative,2025 and no likes.    Thank for the 10 likes,BiC Fizzle
UgxR5_skdEYYXFHjgl54AaABAg,0.7269,0.7269,0.7269,0.7269,0.7269,0.7269,positive,positive,positive,positive,positive,positive,I truly appreciate that you guys tease the beginning and it's not just a loop for 2 mins lol,Flyana Boss
UgxS8dUVHlSduX4VQbp4AaABAg,0.0,0.0,0.0,0.0,0.0,0.0,neutral,neutral,neutral,neutral,neutral,neutral,2 squeaks. Beginning and end 🙌🏿,Flyana Boss
UgxSDs-OysNEu_CyfnJ4AaABAg,-0.6369,-0.6369,-0.6369,-0.6369,-0.6369,-0.6369,negative,negative,negative,negative,negative,negative,Girls please drop this asap the suspense is killing me,Flyana Boss
UgxSi_5LEILqZjN_ikt4AaABAg,0.0,0.0,0.0,0.0,0.0,0.0,neutral,neutral,neutral,neutral,neutral,neutral,This song is me on every camping trip I have ever gone on.,Corook
UgxTGmAaESPoSbb883t4AaABAg,-0.4023,-0.4023,-0.4023,-0.4023,-0.4023,-0.4023,negative,negative,negative,negative,negative,negative,You simply wouldn't have survived the 80s/90s...,Corook
UgxTKPm4o-NXK5tR_oV4AaABAg,0.4215,0.0,0.0,0.0,0.0,0.0,positive,neutral,neutral,neutral,neutral,neutral,TLC vibes,Flyana Boss
UgxUKLRiDMDB3GSN8wZ4AaABAg,-0.34,-0.34,-0.34,-0.34,-0.34,-0.34,negative,negative,negative,negative,negative,negative,Time to get drunk in my room and blast this.,Flyana Boss
UgxW4tQ7M5WCPzwxCKV4AaABAg,0.2714,0.2714,0.2714,0.2714,0.2714,0.2714,positive,positive,positive,positive,positive,positive,"eat. sleep. rave. repeat. 💜such aural artistry you unceasingly brew. my eyes literally shot wide open listening to this! undoubtedly, my top favourite track of yours.",COBRAH
UgxXAC0rXT-sYlFkA8x4AaABAg,0.6696,0.6696,0.6696,0.6696,0.6696,0.6696,positive,positive,positive,positive,positive,positive,Every song hits a different part of my heart.  I can't wait for the full release on this one! ❤️,Corook
UgxXV-hPeC_dJhvwcDJ4AaABAg,0.9738,0.9633,0.9633,0.9633,0.9633,-0.8625,positive,positive,positive,positive,positive,negative,She building all the anticipation 🔥🔥🔥🔥🔥,COBRAH
UgxXk7KmvlfnIimrY_J4AaABAg,0.8993,0.8993,0.8993,0.8993,0.8993,0.8993,positive,positive,positive,positive,positive,positive,Please record this entire version with Olivia. I love this so much. ❤,Corook
UgxXkxXS723iqnmiSkt4AaABAg,0.938,0.938,0.938,0.938,0.938,0.938,positive,positive,positive,positive,positive,positive,The way teddy looks at you ❤❤❤!!!,Raiche
UgxYHXUNah21YM5IMiF4AaABAg,0.6597,0.6597,0.6597,0.6597,0.6597,0.6597,positive,positive,positive,positive,positive,positive,am here just cause of Teddy when you support you support,Raiche
UgxZ6zPRJnXXS1rzRkV4AaABAg,0.8555,0.8555,0.8555,0.8555,0.8555,0.8555,positive,positive,positive,positive,positive,positive,Tem como não gostar de uma música delas? ❤❤❤🇧🇷,Flyana Boss
UgxZAV9t09ftdFXpoF94AaABAg,0.5823,0.4997,0.4997,0.4997,0.4997,-0.434,positive,positive,positive,positive,positive,negative,"My girls are eating and leaving NO crumbs for the haters.
As successful as y'all are, considering how talented and how much of a fire bangger all the music is, y'all are SERIOUSLY underrated ❤️",Flyana Boss
UgxZCKj_hEtesIqM6pt4AaABAg,0.7378,0.7378,0.7378,0.7378,0.7378,0.7378,positive,positive,positive,positive,positive,positive,Andre Big boi clean. NICE,Flyana Boss
UgxawKtWkywDpWG6Fmt4AaABAg,0.787,0.7506,0.7506,0.7506,0.7506,0.0772,positive,positive,positive,positive,positive,positive,I wish he would make his songs longer mane🔥🤧,BiC Fizzle
UgxayeAoS6pKbD6rSCl4AaABAg,0.2954,0.2017,-0.4409,-0.4409,-0.4409,-0.4409,positive,positive,negative,negative,negative,negative,Ain't seen nothing this original in a minute. Obsessed.,Flyana Boss
UgxcxyG6JAfqFfO8aHd4AaABAg,0.4939,0.4939,0.4939,0.4939,0.4939,0.4939,positive,positive,positive,positive,positive,positive,I've never wanted to see someone succeed as much as these 2,Flyana Boss
UgxdxFWmayafIjbcxAd4AaABAg,0.9601,0.9601,0.9601,0.9601,0.9601,0.9601,positive,positive,positive,positive,positive,positive,"To whoever is listening to this song now, wherever you are.... Sending you love, peace, healing and all good wishes. May your life be good❤",re6ce
UgxezKORe_WKqGkPXl14AaABAg,0.9259,0.9259,0.9259,0.9259,0.9259,0.9259,positive,positive,positive,positive,positive,positive,"You get what you accept, not what you deserve!
Wow. Great lyrics. Wish i could send this to my teenage self.",Flyana Boss
Ugxf99FFF4ArsiARuPt4AaABAg,0.2075,0.2075,0.2075,0.2075,0.2075,0.2075,positive,positive,positive,positive,positive,positive,You have a knack for writing the most relatably sad yet comforting songs on the internet. Thank you for this crumb.,Corook
UgxgI7ZEjwQx2baMSgV4AaABAg,0.8585,0.8585,0.8585,0.8585,0.8585,0.8585,positive,positive,positive,positive,positive,positive,Thank you! I sent this to all of my queer friends to remind them they are valid and cherished during these dark times!,Corook
Ugximk-8xmw6vGSHbzN4AaABAg,0.9104,0.872,0.872,0.872,0.872,-0.8126,positive,positive,positive,positive,positive,negative,🤦🏾‍♂️dis nigga too pressure🔥🔥🔥,BiC Fizzle
UgxjF_pGAtKaOQZsNsR4AaABAg,0.0,0.0,0.0,0.0,0.0,0.0,neutral,neutral,neutral,neutral,neutral,neutral,YAS BIIIIITCH!! IVE BEEN WAITING 20 YEARS FO DIS,Flyana Boss
UgxjPLN3c-HHKyRFQnZ4AaABAg,0.8689,0.8689,0.8689,0.8689,0.8689,0.8689,positive,positive,positive,positive,positive,positive,Ringtone Material 🎉🎉🎉🎉,Flyana Boss
Ugxjt59t5ORHHt_yS4B4AaABAg,0.9152,0.9152,0.9152,0.9152,0.9152,0.9152,positive,positive,positive,positive,positive,positive,This is really amazing Corook. This is important. ❤ your authenticity is much needed 🎉,Corook
UgxlovbAV1VMbIaZ0T94AaABAg,0.0,0.0,0.0,0.0,0.0,0.0,neutral,neutral,neutral,neutral,neutral,neutral,bro hit the ice spice twerk,Flyana Boss
Ugxlsq488XXor2ot4sF4AaABAg,0.0,0.0,0.0,0.0,0.0,0.0,neutral,neutral,neutral,neutral,neutral,neutral,"KEEP IT IN DRIVE, BOO!!!",Raiche
Ugxn1ftcgAWIUlznNdh4AaABAg,0.128,0.128,0.128,0.128,0.128,0.128,positive,positive,positive,positive,positive,positive,I’m still here weeks later. We need this type of R&B back. This gives me chills every time I hear it. The feeling never changes,Raiche
UgxnMOa6dqw5RSZ8t9l4AaABAg,0.7536,0.7096,0.7096,0.7096,0.7096,-0.0516,positive,positive,positive,positive,positive,negative,"Oh yeah, this is 🔥",Flyana Boss
UgxnPx8f5SVSJbaiIpF4AaABAg,0.0,0.0,0.0,0.0,0.0,0.0,neutral,neutral,neutral,neutral,neutral,neutral,"Dope flow and wordplay, keep going",Flyana Boss
UgxnwtajSoL5a_SRnet4AaABAg,0.7096,0.7096,0.7096,0.7096,0.7096,0.7096,positive,positive,positive,positive,positive,positive,My dude is pretty convinced that you are spying on me with the relatability of your songs,Corook
UgxoDfm-VHkLsvdWA-h4AaABAg,0.6369,0.6369,0.6369,0.6369,0.6369,0.6369,positive,positive,positive,positive,positive,positive,I love that they all gave 1000%,Flyana Boss
UgxoIeJp4h-qFW7CMxZ4AaABAg,0.8237,0.8237,0.8237,0.8237,0.8237,0.8237,positive,positive,positive,positive,positive,positive,I’m SOOOOO FUCKIN HAPPY Y’ALL ARE BACK!!!!,Flyana Boss
UgxofOYfMhRRAOwyrph4AaABAg,0.7161,0.6633,0.6633,0.6633,0.6633,-0.4824,positive,positive,positive,positive,positive,negative,"""FIRE OBSSESION"" você me paga por me viciar nessa obra prima",Raiche
Ugxp8dzmJP2JM0g0Fzh4AaABAg,0.0,0.0,0.0,0.0,0.0,0.0,neutral,neutral,neutral,neutral,neutral,neutral,Visualizer? This was a whole music video!!!,Flyana Boss
UgxpJu3867BMJAcLQUR4AaABAg,0.5775,0.5775,0.5775,0.5775,0.5775,0.5775,positive,positive,positive,positive,positive,positive,Who else here from Intuit commercial??? 🙋,Raiche
UgxpTMapOsDDqNZApQ14AaABAg,0.3612,0.3612,0.3612,0.3612,0.3612,0.3612,positive,positive,positive,positive,positive,positive,"I assumed you both were in your early 20's. I like y'all's music, BTW. I found you two bc of Kat Blaque.",Flyana Boss
Ugxp_YTI-xzv5RgSu5V4AaABAg,0.8934,0.8934,0.8934,0.8934,0.8934,0.8934,positive,positive,positive,positive,positive,positive,How precious. Bless your love.,Corook
UgxpuVI9XBkKnr9NFtR4AaABAg,0.7757,0.7757,0.7757,0.7757,0.7757,0.7757,positive,positive,positive,positive,positive,positive,This song is absolutely AMAZING!!! Had to track it down from the commercial.,Raiche
Ugxqrarg2Y6Fh7vOdG14AaABAg,0.9397,0.9397,0.9397,0.9397,0.9397,0.9397,positive,positive,positive,positive,positive,positive,Thank you for reclaiming this song. It means so much to me and was so wonderful for me to scream sing it at your concert (before I knew what happened on the internet) I hope you’re able to gain back the joy and power of it for yourself you brought others.,Corook
UgxrQP_UiE_6h9l0BoF4AaABAg,0.9544,0.9421,0.9421,0.9421,0.9421,0.9421,positive,positive,positive,positive,positive,positive,Love this! Y’all are helping change the game for black female artists for real. I like the entire vibe of your music and it’s pretty creative!!,Flyana Boss
UgxrZVQZDHsiv2KV3mp4AaABAg,0.6776,0.6776,0.6776,0.6776,0.6776,0.6776,positive,positive,positive,positive,positive,positive,Her hair is fabulous!!!!,Flyana Boss
UgxsLp2AWXPnIBvvfhp4AaABAg,-0.7351,-0.7351,-0.7351,-0.7351,-0.7351,-0.7351,negative,negative,negative,negative,negative,negative,Now I am crying my eyes out.😢,Corook
Ugxt3zTDwUTCp_qfuBN4AaABAg,0.0,0.0,0.0,0.0,0.0,0.0,neutral,neutral,neutral,neutral,neutral,neutral,10's across the board mommy 🤧❤️,COBRAH
UgxyU8D9QnMtuc5_O4Z4AaABAg,0.8655,0.8655,0.8655,0.8655,0.8655,0.8655,positive,positive,positive,positive,positive,positive,Always hits different love y'all!❤,Flyana Boss
UgxznFdky04EjwY_tzt4AaABAg,-0.7906,-0.7906,-0.7906,-0.7906,-0.7906,-0.7906,negative,negative,negative,negative,negative,negative,Report him for inciting violence. What a freak,Corook
Ugy-Xzifk9nFWvt_-6Z4AaABAg,0.3802,0.2942,-0.4753,-0.4753,-0.4753,-0.4753,positive,positive,negative,negative,negative,negative,FINALLY a song for the cunty switches 😩✨🫶🏽🩷💕🩷 obsessed!,Flyana Boss
Ugy-ad5NfbFldeWNvrB4AaABAg,0.9416,0.9416,0.9416,0.9416,0.9416,0.9416,positive,positive,positive,positive,positive,positive,Can your fans be called the cheeseballs?! I absolutely love this!! 🧡🧡,Corook
Ugy0cf3z9VFllSNQcLp4AaABAg,0.6597,0.6597,0.6597,0.6597,0.6597,0.6597,positive,positive,positive,positive,positive,positive,"I'm going to be 30 next year, and I still look like I'm 16-18. 😂",Flyana Boss
Ugy1XyQLL54EF0pGmS94AaABAg,0.8599,0.8599,0.8599,0.8599,0.8599,0.8599,positive,positive,positive,positive,positive,positive,Love her choreo! So energetic and in theme!,Flyana Boss
Ugy39co35RO8mvWJyU54AaABAg,0.5773,0.5773,0.5773,0.5773,0.5773,0.5773,positive,positive,positive,positive,positive,positive,"this is so cute, y'all. i don't care if someone says they're over it, this makes me smile.",Corook
Ugy3lQtrb9pHWz4-OO14AaABAg,0.0,0.0,0.0,0.0,0.0,0.0,neutral,neutral,neutral,neutral,neutral,neutral,"i will work on a song for BiC Fizzle one day, speaking it into existence 🙏🏼",BiC Fizzle
Ugy3tQnDUymHI7V0O3N4AaABAg,0.8346,0.7482,0.7482,0.7482,0.7482,0.7482,positive,positive,positive,positive,positive,positive,This is a whole vibe! I love them!!!,Flyana Boss
Ugy5CseDv8Dh3p5xDuR4AaABAg,0.9274,0.9274,0.9274,0.9274,0.9274,0.9274,positive,positive,positive,positive,positive,positive,"Mama, I came ❤❤❤",COBRAH
Ugy5PSGHkPSsocGDtNV4AaABAg,-0.4767,-0.4767,-0.4767,-0.4767,-0.4767,-0.4767,negative,negative,negative,negative,negative,negative,what a crossover goddamn,re6ce
Ugy6fxaleRCoqYx_v4h4AaABAg,0.0,0.0,0.0,0.0,0.0,0.0,neutral,neutral,neutral,neutral,neutral,neutral,Y’all really have a lot of songs! Where is the Album!!?,Flyana Boss
Ugy6w5ZtZ5FiKW4k2754AaABAg,0.979,0.979,0.979,0.979,0.979,0.979,positive,positive,positive,positive,positive,positive,Beautiful people beautiful voices❤❤❤❤,Raiche
Ugy7XFiwHD6AFwI_Kfx4AaABAg,0.0,0.0,0.0,0.0,0.0,0.0,neutral,neutral,neutral,neutral,neutral,neutral,Period another song to strut to work in my heels to,Flyana Boss
Ugy8U1mADehE3bYoQ9J4AaABAg,0.8225,0.8225,0.8225,0.8225,0.8225,0.8225,positive,positive,positive,positive,positive,positive,"I hope they make an album. That’d be cool if they made a space album⭐️ since they already have “You wish” like wishing on a star, “Bitch imma star”, and now this👽",Flyana Boss
Ugy9LG9EKrmpOolCsRB4AaABAg,0.0,0.0,0.0,0.0,0.0,0.0,neutral,neutral,neutral,neutral,neutral,neutral,dont get caught prego,Flyana Boss
UgyA9anNfJDcIJapBmB4AaABAg,0.9712,0.9594,0.9594,0.9594,0.9594,0.9594,positive,positive,positive,positive,positive,positive,"I love seeing these two legends dance together. They’re both so skilled it’s mind-blowing, for one thing. When they’re together like this, it’s easier to see the subtle differences in their styles, which I absolutely love.
Bonus Points for Kirsten being a Kiwi!",Flyana Boss
UgyArUcdboQe3z0r42F4AaABAg,0.5574,0.5574,0.5574,0.0,0.5574,-0.1027,positive,positive,positive,neutral,positive,negative,This goes hard,Flyana Boss
UgyB2z8MBoejgzcvyfJ4AaABAg,0.8934,0.8934,0.8934,0.8934,0.8934,0.8934,positive,positive,positive,positive,positive,positive,wish success on everybody reading this 💞🤞🏽,BiC Fizzle
UgyDJoJQ2K6RVARDRhl4AaABAg,0.8364,0.8364,0.8364,0.5826,0.8364,0.5826,positive,positive,positive,positive,positive,positive,A BOP!!! That early 90s throwback beat. A good summer jam.,Flyana Boss
UgyFAI6HQ4F2GRKbuld4AaABAg,0.8243,0.7964,0.7964,0.5719,0.7964,-0.34,positive,positive,positive,positive,positive,negative,Another bop. 🔥,Flyana Boss
UgyFX0G8h5h4ouNXBsJ4AaABAg,0.6369,0.6369,0.6369,0.6369,0.6369,0.6369,positive,positive,positive,positive,positive,positive,"""Call me Ms. Claus when I back that ass up"" 💃🏾

Ima be blasting this when I put my tree up this weekend 😂😂😂",Flyana Boss
UgyGIFK-xDrHLqUPNH94AaABAg,0.1027,0.1027,-0.2732,-0.2732,-0.2732,-0.2732,positive,positive,negative,negative,negative,negative,Mother has been serving us this summer 😩,COBRAH
UgyHB1fmX9agRQBRyNF4AaABAg,0.9537,0.9537,0.9298,0.9298,0.9298,0.9298,positive,positive,positive,positive,positive,positive,"I just want to you to know I’ve had all your stuff on repeat all day. I support you so much you’re so creative, fresh, and unique. Keep being amazingly you 💜",Corook
UgyHSg0WNnH5R_4ANJ14AaABAg,0.9713,0.9713,0.9713,0.9713,0.9713,0.9713,positive,positive,positive,positive,positive,positive,That is so good love ur songs btw and ur videos keep doing ur thing❤❤❤,Corook
UgyIEWSsUrrq5reg1x14AaABAg,0.9556,0.9556,0.9556,0.9556,0.9556,0.9556,positive,positive,positive,positive,positive,positive,"So well deserved!!!!👍🏽💜🎉 Now, they need to get you on there and sing it live!🎉🎶🐠 Come on, Good Morning America! 😀👍🏽",Corook
UgyJQKJwWW_-O7cAwDx4AaABAg,0.7283,0.6784,0.6784,0.6784,0.6784,-0.5067,positive,positive,positive,positive,positive,negative,"Here b4 a million views!!
Can’t wait to link up with you again 🔥🎥🎵 I’ll gladly shoot your video!",Raiche
UgyL4hQCa08Q0J7INhZ4AaABAg,0.5106,0.5106,0.5106,0.5106,0.5106,0.5106,positive,positive,positive,positive,positive,positive,Free Palestine 👁️🫦👁️,re6ce
UgyMKR6dhwgpDMh7zbV4AaABAg,0.0,0.0,0.0,0.0,0.0,0.0,neutral,neutral,neutral,neutral,neutral,neutral,The editor needs an Oscar,Flyana Boss
UgyMdMpZZQqHrqar9714AaABAg,0.2023,0.2023,0.2023,0.2023,0.2023,0.2023,positive,positive,positive,positive,positive,positive,This nigga dope gucci need to push this man to the top,BiC Fizzle
UgyNoSq5edsEQRKEG3N4AaABAg,0.8011,0.8168,0.8168,0.8168,0.8168,0.8168,positive,positive,positive,positive,positive,positive,I KNEW one was going to be kali! I could just feel it in my soul! And here we are. Another masterpiece later lol,Flyana Boss
UgyODgh7KOnoMT8isa14AaABAg,-0.6886,-0.6886,-0.6886,-0.6886,-0.6886,-0.6886,negative,negative,negative,negative,negative,negative,"“I want a black man who dont cheat, help with my groceries, i dont got a type and dont got time for dudes who do”

FACTS GIRLLL 😭

Edit: nvm i found out im lesbian ☠️☠️😭",Flyana Boss
UgyRuw2ATh4QXpyb93R4AaABAg,0.7041,0.6486,0.6486,0.6486,0.6486,0.1531,positive,positive,positive,positive,positive,positive,such a relatable song and such a banger im gonna replay this more than a hundred times to forget about my life. thank you for consistently making bangers dog,re6ce
UgySz5FqUFXtkv0iWYp4AaABAg,0.93,0.93,0.8834,0.8834,0.8834,0.8834,positive,positive,positive,positive,positive,positive,this song is on my playlist on repeat nonstop and congrats on your pregnancy 🎉❤,Flyana Boss
UgyVrs9z8Wj0GzzaCJR4AaABAg,0.8856,0.8856,0.8856,0.8856,0.8856,0.8856,positive,positive,positive,positive,positive,positive,❤ good to see you again!! 🎉 I'm always looking for your music,Flyana Boss
UgyWmqqH-2N2IpAnXr54AaABAg,0.0,0.0,0.0,0.0,0.0,0.0,neutral,neutral,neutral,neutral,neutral,neutral,i’ve listened to this at least a couple hundred thousand times,re6ce
UgyX8wBdp2FRKjlG91Z4AaABAg,0.0,0.0,0.0,0.0,0.0,0.0,neutral,neutral,neutral,neutral,neutral,neutral,Cobrah’s trademark: unknown liquid,COBRAH
UgyXo1VGy3jZ_bXhipZ4AaABAg,-0.128,-0.128,-0.128,-0.128,-0.128,-0.128,negative,negative,negative,negative,negative,negative,👇 Who miss Big Scarr? 😭🤚,BiC Fizzle
UgyZ2LqNDzwTDnFs0dx4AaABAg,0.5688,0.5688,0.5688,0.5688,0.5688,0.5688,positive,positive,positive,positive,positive,positive,This is so aesthetically pleasing,Flyana Boss
Ugy_Y0k8BPts5sfFoWp4AaABAg,0.6908,0.6705,0.6705,0.6705,0.6705,0.6705,positive,positive,positive,positive,positive,positive,The amount of talent y’all have and the artistic minds you have u will definitely be far,Flyana Boss
Ugyaz2B77607FcefiO94AaABAg,0.6497,0.6497,0.6497,0.6497,0.6497,0.8406,positive,positive,positive,positive,positive,positive,"You guys look like high schoolers, but I think it’s mid 20s bc y’all give off that kind of confidence and comfort with yourselves that teenagers don’t really have",Flyana Boss
Ugyb4BKzEfWORPMsEsp4AaABAg,0.8016,0.8016,0.8016,0.8016,0.8016,0.8016,positive,positive,positive,positive,positive,positive,As an avid Sims player this is definitely my favorite of your songs!,Corook
UgycjR3gSRg6x3LVAn54AaABAg,0.6369,0.6369,0.6369,0.6369,0.6369,0.6369,positive,positive,positive,positive,positive,positive,"I love your music, it just speaks to me",Corook
Ugyegm1VjH3fdaokvYV4AaABAg,0.9151,0.9151,0.9151,0.9151,0.9151,0.9151,positive,positive,positive,positive,positive,positive,"""You gonna see these"" Ma'am, you are getting ready to POP. You better go sit down and put your feet up! 😂 (❤)",Flyana Boss
Ugyf52nm7cA6AjcmsZd4AaABAg,0.0772,0.0772,0.0772,0.0772,0.0772,0.0772,positive,positive,positive,positive,positive,positive,"Do we have an album?  Because you're the voice i want to wake up to, Brush my teeth to, wash my face to, fantasize to,  go to sleep to",Corook
UgyiQbqqCYRQ4tssTjx4AaABAg,0.8126,0.8126,0.8126,0.8126,0.8126,0.8126,positive,positive,positive,positive,positive,positive,Praying for a safe delivery for mom and baby 🙏🏾. I have missed these young ladies. Love how they move to their own beat and not the industry 💯.,Flyana Boss
UgyiU7oNtEhNLVvBYNF4AaABAg,-0.5983,-0.5983,0.0,-0.5983,-0.5983,-0.5983,negative,negative,neutral,negative,negative,negative,"Mom getting itttttt

Hellcyes. Run that shit, Queens!",Flyana Boss
UgyibHMp4xCSsyxUfhl4AaABAg,0.5994,0.5994,0.5994,0.5994,0.5994,0.5994,positive,positive,positive,positive,positive,positive,Congratulations to your pregnancy,Flyana Boss
UgyjAQ7Dnot940miKBp4AaABAg,0.4724,0.4724,0.4724,0.4724,0.4724,0.4724,positive,positive,positive,positive,positive,positive,Aww yeah!! Did you know that this track was added to the editorial playlist 'New Music Friday UK' with over 869K Followers on Spotify!,re6ce
Ugyk5EIK-q-Q8r9ahGp4AaABAg,0.871,0.871,0.871,0.871,0.871,0.871,positive,positive,positive,positive,positive,positive,Me and my 7 year old daughter love your music!! Keep being your weird self!! All the best people are! ❤️,Corook
UgylN0_8SM85n4ZMLeZ4AaABAg,0.9067,0.9067,0.9067,0.9067,0.9067,0.9067,positive,positive,positive,positive,positive,positive,you are such an innovative artist/team. You really commit to this Cobrah vision I LOVE it,COBRAH
Ugym-47nADLX3PHwI0V4AaABAg,0.8063,0.7351,0.7351,0.7351,0.7351,-0.7184,positive,positive,positive,positive,positive,negative,"Aye how can I say this…..it’s fire, the beat,y’all flow, it’s all fire. Don’t stop",Flyana Boss
UgymcUc3TcY21Xrk2Qx4AaABAg,0.0,0.0,0.0,0.0,0.0,0.0,neutral,neutral,neutral,neutral,neutral,neutral,👽  👾 👽,Flyana Boss
UgynK7jxWXebttxZ50F4AaABAg,0.0,0.0,0.0,0.0,0.0,0.0,neutral,neutral,neutral,neutral,neutral,neutral,Man... The things you pull out of the water when you're fishing!,COBRAH
UgynX1uAylGGXGmlZkR4AaABAg,0.0,0.0,0.0,0.0,0.0,0.0,neutral,neutral,neutral,neutral,neutral,neutral,"FINALMENTE GENTEEEEE NÃO AGUENTAVA MAIS VER SÓ OS REELS DO INSTAGRAM YEEEEEEEESSSSS OLHA COMO COMEÇA, HIT HIT HIT",Flyana Boss
UgyoxGSzJhZAa8bCTV14AaABAg,0.9145,0.9145,0.9377,0.9145,0.9145,0.9145,positive,positive,positive,positive,positive,positive,"Fucking gorgeous ❤
(I have officially liked all videos, and damn near commented on all 😂)",Flyana Boss
Ugypbl118Oq9SBnaJmB4AaABAg,-0.4019,-0.4019,0.0,-0.4019,-0.4019,-0.4019,negative,negative,neutral,negative,negative,negative,Every damn song is catchy AF,Flyana Boss
Ugypk1tE5fwemBzDUqp4AaABAg,0.7896,0.7685,0.7685,0.7685,0.7685,0.7685,positive,positive,positive,positive,positive,positive,I’m a 47 year old rapper diagnosed with Kallmann syndrome and BiC Fizzle entirely shifted my views of new gen rap. Nothing but a masterpiece. I pray one day my music can touch masses like BiC Fizzle. He is my biggest inspiration!,BiC Fizzle
UgyqR4w_6fvyBxAXhc94AaABAg,0.6915,0.6915,0.6915,0.6915,0.6915,0.6915,positive,positive,positive,positive,positive,positive,"Riovas is the type to put 100% in his own songs but 1000% in other people's songs, his part is so fucking good.",re6ce
UgytJMnfHLEcXraNImB4AaABAg,0.7892,0.7892,0.7892,0.7892,0.7892,0.7892,positive,positive,positive,positive,positive,positive,Begging for a Spotify version of this 😩♥️ absolutely lovely,Corook
UgyuxKR6uE-N9Rk2Zg94AaABAg,0.5267,0.5267,0.5267,0.5267,0.5267,0.5267,positive,positive,positive,positive,positive,positive,Re6ce congrats on 1mil on spotify,re6ce
Ugyv9zm59eoOF6QPM654AaABAg,0.0,0.0,0.0,0.0,0.0,0.0,neutral,neutral,neutral,neutral,neutral,neutral,Instant load!,COBRAH
UgyzShP1e_QMqrR5P1B4AaABAg,0.0,0.0,0.0,0.0,0.0,0.0,neutral,neutral,neutral,neutral,neutral,neutral,genuinely the most unexplainably addicting song i've ever heard,re6ce
Ugz074yqa8UznJHVryh4AaABAg,0.4749,0.4749,0.4749,0.4749,0.4749,0.4749,positive,positive,positive,positive,positive,positive,"Ramadan OMG she Say
Dont eat like it s Ramadan
Thanks am an arabe Muslim  and am a fan for this band",Flyana Boss
Ugz29V1Vi0hCwZp4Qsd4AaABAg,0.8388,0.8388,0.8388,0.8388,0.8388,0.8388,positive,positive,positive,positive,positive,positive,They're blazing their own path but have so much wisdom from past generations. They do their homework. Please ladies don't let nothing divide yall. Just keep learning and putting out content. Album soon?,Flyana Boss
Ugz2H4toQ5OU9q0G7Xl4AaABAg,0.9644,0.9514,0.9514,0.9514,0.9514,-0.8679,positive,positive,positive,positive,positive,negative,Blytheville Is UP🔥🔥🔥🔥💪🏿💪🏿💪🏿💪🏿!!!!,BiC Fizzle
Ugz39WL2ox6NFcFTD3l4AaABAg,0.9035,0.9035,0.9035,0.9035,0.9035,0.9035,positive,positive,positive,positive,positive,positive,"This is like a remastered version of my childhood, I love these girls so much ❤",Flyana Boss
Ugz3Syj4Mc0Oj0Ha9cB4AaABAg,0.4912,0.4912,0.4912,0.4912,0.4912,0.4912,positive,positive,positive,positive,positive,positive,"THAT,is music !
Enchanted to meet you,your voice and singing style...
You are DANGEROUS,lady !",Raiche
Ugz4V_0N9fhIQawFP3F4AaABAg,0.0258,0.0258,0.0258,0.0258,0.0258,0.0258,neutral,neutral,neutral,neutral,neutral,neutral,Thor god of hunger,Corook
Ugz4i4E8X44jTa22iWZ4AaABAg,0.0,0.0,0.0,0.0,0.0,0.0,neutral,neutral,neutral,neutral,neutral,neutral,"""Jingle them balls""💀",Flyana Boss
Ugz67ugfSCyHq02GsTR4AaABAg,0.68,0.68,0.68,0.68,0.68,0.68,positive,positive,positive,positive,positive,positive,Okaaayyyy big chops! 😍🪮⭐✨ TWIN WHERE HAVE YOU BEEN? 🎶,Flyana Boss
Ugz6CKcopda21lEBiEd4AaABAg,0.5399,0.5399,0.5399,0.5399,0.5399,0.5399,positive,positive,positive,positive,positive,positive,Y'all are killin the game! Keep posting! <3,Flyana Boss
Ugz6smJ-QWSgsrIEJBR4AaABAg,0.9284,0.9284,0.9284,0.9284,0.9284,0.9284,positive,positive,positive,positive,positive,positive,"Their voices really go together so well and I love how they look so genuinely full of joy to be living their dreams, it’s infectious.",Flyana Boss
Ugz9Lzyvk85LhTMJRPt4AaABAg,0.6096,0.6096,0.6096,0.6096,0.6096,0.6096,positive,positive,positive,positive,positive,positive,"3 songs in less than 4 months, i'm so f*cking happy",COBRAH
UgzAAopYF_PVeIHIe514AaABAg,0.34,0.34,0.34,0.34,0.34,0.34,positive,positive,positive,positive,positive,positive,giving birth (to a new hit),COBRAH
UgzAF_2bhs_NbtixY6Z4AaABAg,0.0,0.0,0.0,0.0,0.0,0.0,neutral,neutral,neutral,neutral,neutral,neutral,I need this on my Gay Jams playlist now,Corook
UgzA_3ga5V-Mq-E7QgJ4AaABAg,-0.4724,-0.4724,-0.4724,-0.4724,-0.4724,-0.4724,negative,negative,negative,negative,negative,negative,"My only complaint about their music is, unlike mister sweatpants, it's not LONG ENOUGH!!!",Flyana Boss
UgzBOFs0qhq6RVWThFh4AaABAg,0.8655,0.8655,0.8655,0.8655,0.8655,0.8655,positive,positive,positive,positive,positive,positive,"B*tch you thought you knew me,but I'm the brand new one!💪🏿💪🏿💪🏿💙🧡",Flyana Boss
UgzBRBwWQiVvoTqyTAB4AaABAg,0.0,0.0,0.0,0.0,0.0,0.0,neutral,neutral,neutral,neutral,neutral,neutral,"My brain instantly went ""I don't fck with snake, na na na""",Corook
UgzBfQEdzmXh8KvDZL94AaABAg,0.6767,0.6767,0.6767,0.6767,0.6767,0.6767,positive,positive,positive,positive,positive,positive,Dude love this. Where can I listen to the full song??,Corook
UgzBpp625wEEoFVUNvR4AaABAg,0.7502,0.7502,0.7502,0.7502,0.7502,0.7502,positive,positive,positive,positive,positive,positive,You are literally so gorgeous ahhhhh,Flyana Boss
UgzCZheqaRZUR9xRS_d4AaABAg,0.2732,0.2732,0.2732,0.2732,0.2732,0.2732,positive,positive,positive,positive,positive,positive,This song goes well with the movie and the character of madam cj walker. ❤️❤️❤️❤️,Raiche
UgzE04lfAfpo553CTiJ4AaABAg,0.4588,0.4588,0.4588,0.4588,0.4588,0.4588,positive,positive,positive,positive,positive,positive,You’ve quickly become one of my favorite people on earth,Corook
UgzEhvraht3-wRR6k114AaABAg,0.9726,0.9612,0.9612,0.9612,0.9612,-0.875,positive,positive,positive,positive,positive,negative,SHIIIIIIIIIIII- 🔥🔥🔥🔥🔥,Raiche
UgzFHxWALMAaoymzxcR4AaABAg,0.0,0.0,0.0,0.0,0.0,0.0,neutral,neutral,neutral,neutral,neutral,neutral,Wait this is so underrated 🫶💃💅,Flyana Boss
UgzGE8Y7X7qsGQe419p4AaABAg,0.0,0.0,0.0,0.0,0.0,0.0,neutral,neutral,neutral,neutral,neutral,neutral,Here before he blows up 💯,re6ce
UgzHsY84fg2NpuE05Qx4AaABAg,0.7297,0.7297,0.7297,0.7297,0.7297,0.7297,positive,positive,positive,positive,positive,positive,Y’all are gonna eat the rap game up go offf sis 👌🏽,Flyana Boss
UgzIR7vP-0uN02-SyqR4AaABAg,-0.6908,-0.6908,-0.6908,-0.6908,-0.6908,-0.6908,negative,negative,negative,negative,negative,negative,BigX would kill this beat,BiC Fizzle
UgzJ_Zndj9DfiqNgy6p4AaABAg,0.1071,0.1071,0.1071,0.1071,0.1071,0.1071,positive,positive,positive,positive,positive,positive,So sorry. I will never EVER understand the simpleton mindset of laughing at or hating something you don't understand. It's ignorance at it's finest.,Corook
UgzJp4Y2lQsWWV2vGv14AaABAg,0.0,0.0,0.0,0.0,0.0,0.0,neutral,neutral,neutral,neutral,neutral,neutral,Brotha! As a community we need this dropped ASAP,BiC Fizzle
UgzLXemIxzo5QjVYjQ14AaABAg,-0.1531,-0.1531,-0.1531,-0.1531,-0.1531,-0.1531,negative,negative,negative,negative,negative,negative,The transition from her ears to the plane 😫✨,Flyana Boss
UgzL_UMcfYu-dwfCgTt4AaABAg,0.929,0.9022,0.9022,0.9022,0.9022,-0.7351,positive,positive,positive,positive,positive,negative,"The song, the camera work…🔥🔥🔥",Flyana Boss
UgzMVOLwoxBhf6rvZhh4AaABAg,0.9388,0.9257,0.9257,0.9257,0.9257,0.3129,positive,positive,positive,positive,positive,positive,Girl your dance is fire!!! 🔥❤,Flyana Boss
UgzNthhK9ZxzWjlE8ql4AaABAg,0.5859,0.6249,0.6249,0.6249,0.6249,0.6249,positive,positive,positive,positive,positive,positive,MOTHA HAS UPLOADED A MASTERPIECE,COBRAH
UgzO9Ns_FCsHr_sxquN4AaABAg,0.0,0.0,0.0,0.0,0.0,0.0,neutral,neutral,neutral,neutral,neutral,neutral,Produced by Me🏆,BiC Fizzle
UgzOSi_iXqmBqPs6AxV4AaABAg,0.7896,0.7685,0.7685,0.7685,0.7685,0.7685,positive,positive,positive,positive,positive,positive,I’m a 47 year old rapper diagnosed with Kallmann syndrome and BiC Fizzle entirely shifted my views of new gen rap. Nothing but a masterpiece. I pray one day my music could touch masses like BiC Fizzle. He’s my biggest inspiration!,BiC Fizzle
UgzPzaBLAm3eUVZyeaN4AaABAg,0.4019,0.4019,0.4019,0.4019,0.4019,0.4019,positive,positive,positive,positive,positive,positive,Y'all two are the next big thing 🎉,Flyana Boss
UgzQqWVlTonihtGqoh94AaABAg,0.7845,0.7845,0.7845,0.7845,0.7845,0.7845,positive,positive,positive,positive,positive,positive,Protect these young ladies at all costs 🥹💕,Flyana Boss
UgzQyYL5XPsBnjxbkuZ4AaABAg,0.7303,0.7303,0.7303,0.7303,0.7303,0.7303,positive,positive,positive,positive,positive,positive,This song is helping me right now. It's comforting to know you're not alone in how you're feeling.,Corook
UgzRXQdgx4bb59hcUGJ4AaABAg,0.7814,0.7331,0.7331,0.7331,0.7331,-0.2382,positive,positive,positive,positive,positive,negative,I was fine before this song dropped. This fire,Raiche
UgzT-f5r0XHGC2IkTB54AaABAg,0.0,0.0,0.0,0.0,0.0,0.0,neutral,neutral,neutral,neutral,neutral,neutral,4+4==== ATEEEE,Flyana Boss
UgzT60QHFkJrhRkdOSh4AaABAg,0.0,0.0,0.0,0.0,0.0,0.0,neutral,neutral,neutral,neutral,neutral,neutral,A new wave of electronica 10/10,COBRAH
UgzTI6EfTVSMDkGVecp4AaABAg,0.7901,0.7901,0.7901,0.7901,0.7901,0.7901,positive,positive,positive,positive,positive,positive,Love when the release date is sooner than expected! It's like early Christmas,Flyana Boss
UgzUmQZiqc3Q3lBf3g14AaABAg,-0.25,-0.25,-0.25,-0.25,-0.25,-0.25,negative,negative,negative,negative,negative,negative,I love how it does the Macarena when the beat drops 😭😭,COBRAH
UgzV2Hf2MuYUyaP5L9t4AaABAg,0.6666,0.6666,0.6666,0.6666,0.6666,0.6666,positive,positive,positive,positive,positive,positive,Yall are so underrated 💜✨️,Flyana Boss
UgzVer7JCjVUlUVsmOh4AaABAg,0.4927,0.4927,0.4927,0.4927,0.4927,0.4927,positive,positive,positive,positive,positive,positive,sounds so good and catchy alreadyyy,Flyana Boss
UgzWmvi9zqaykZmE8MR4AaABAg,0.0,0.0,0.0,0.0,0.0,0.0,neutral,neutral,neutral,neutral,neutral,neutral,Y'all are epic!,Flyana Boss
UgzWpA6TOie1aB_vRm54AaABAg,0.9612,0.9612,0.9612,0.9612,0.9612,0.9612,positive,positive,positive,positive,positive,positive,"Why is this such a universal experience for people with their fathers? You're super easy to love, love. I'm so glad the internet showed us all who you are.",Corook
UgzWwTwGs3XSa0RGo5p4AaABAg,0.9873,0.9867,0.9867,0.9867,0.9867,0.9806,positive,positive,positive,positive,positive,positive,❤❤❤❤❤❤ finally some fire that's original! Show em how it's done & keep going🙏🏽🙏🏽,Flyana Boss
UgzYdfZxH96VLnjUm_h4AaABAg,0.8737,0.7996,0.7996,0.7996,0.7996,0.7996,positive,positive,positive,positive,positive,positive,"Y'all need more love, y'all giving salt n peppa vibes",Flyana Boss
UgzZE4Nu9tvwTXL1pfB4AaABAg,-0.6115,-0.6115,-0.6115,-0.6115,-0.6115,-0.6115,negative,negative,negative,negative,negative,negative,The new Silent Hill game looks fucking terrifying,COBRAH
Ugz_3xezN4fnoLRHzb54AaABAg,0.821,0.821,0.821,0.821,0.821,0.821,positive,positive,positive,positive,positive,positive,"You sing exactly what I feel. Your our voice is so beautiful and you speak about things we all think about but never express it. You're our voice, please don't stop!",Corook
UgzbZOYfH1sVmkx6Qpt4AaABAg,0.0,0.0,0.0,0.0,0.0,0.0,neutral,neutral,neutral,neutral,neutral,neutral,someone ask to put this on the radio so she can get some more noticeability,Raiche
UgzblY2d8rUFMBrXEn54AaABAg,0.0,0.0,0.0,0.0,0.0,0.0,neutral,neutral,neutral,neutral,neutral,neutral,Now that's an advertisement,Flyana Boss
UgzbvNyOadn6tCkFMBt4AaABAg,0.0,0.0,0.0,0.0,0.0,0.0,neutral,neutral,neutral,neutral,neutral,neutral,I need this whole song meeeowww!,Flyana Boss
UgzcI96xVibuuJ8MPQ14AaABAg,0.8316,0.8225,0.8225,0.8225,0.8225,0.8225,positive,positive,positive,positive,positive,positive,Three songs in and I am convinced Corook is a massive star in the making.  Refreshingly original songwriting and just top notch talent.,Corook
UgzcJd_3Xn9rSQZjgox4AaABAg,0.4404,0.4404,0.4404,0.4404,0.4404,0.4404,positive,positive,positive,positive,positive,positive,"The way she interjected with ""WAY TOO LONG""... you can tell she been holding this in for a minute. She tied of dis 😂",Flyana Boss
UgzcN-faCnEzASp7gVt4AaABAg,-0.9382,-0.9382,-0.9382,-0.9382,-0.9382,-0.9382,negative,negative,negative,negative,negative,negative,IM A MESS MESS MESS MESS MESS MESS MESS,COBRAH
Ugzd1l7yLy8D65su61N4AaABAg,0.4404,0.4404,0.4404,0.4404,0.4404,0.4404,positive,positive,positive,positive,positive,positive,Same 😂,Flyana Boss
Ugzd5el7npPsgNUHTcR4AaABAg,0.8439,0.8439,0.8439,0.8439,0.8439,0.8439,positive,positive,positive,positive,positive,positive,Omg now THIS is a crossover 😭 amazing! Love u cobrah <3,COBRAH
UgzdUQzNr-hT3uWdLql4AaABAg,-0.5719,-0.5719,-0.5719,-0.5719,-0.5719,-0.5719,negative,negative,negative,negative,negative,negative,Why y'all hate on the way he talk.?That's just how he talk. Everyone talk different Bruh.💯,BiC Fizzle
UgzehKAfHDwmt5MON3N4AaABAg,0.7876,0.7544,0.7544,0.7544,0.7544,0.7544,positive,positive,positive,positive,positive,positive,Green trimmed shorts is giving the same energy. So envious - Bada AND the Kiwi Dancing Deity that is Kirsten?? 😻😻😻 you & Green Trim absolutely KILLED it. 🥳,Flyana Boss
Ugzf91dbERNP0eb4YV14AaABAg,0.5859,0.5859,0.5859,0.5859,0.5859,0.5859,positive,positive,positive,positive,positive,positive,I have this tune in my head everyday. This brings me joy.,Corook
UgzfhqNJ9TiNT2hRF_N4AaABAg,0.9847,0.9847,0.9847,0.9847,0.9847,0.9847,positive,positive,positive,positive,positive,positive,"I'm a white elder millennial 😅, but always enjoy your songs. Always fun and the lyrics are clever AF. Hope you two are always friends and always have a good time working together.  🎉",Flyana Boss
Ugzg-bk86fjTtK-LoIF4AaABAg,0.6739,0.6115,0.6115,0.6115,0.6115,0.0,positive,positive,positive,positive,positive,neutral,Now this a hella banger,Flyana Boss
UgzgQZJRxrtyM7FBb-l4AaABAg,0.6369,0.6369,0.6369,0.6369,0.6369,0.6369,positive,positive,positive,positive,positive,positive,BOTH ARE THE BEST DANCERS EVER,Flyana Boss
UgzgyIndE8Mh1RNUIKp4AaABAg,0.0,0.0,0.0,0.0,0.0,0.0,neutral,neutral,neutral,neutral,neutral,neutral,Why did it get so hot in my room 🥵,Flyana Boss
Ugzhg4b9TV6t7y6dPzN4AaABAg,0.3167,0.3167,0.3167,0.3167,0.3167,0.3167,positive,positive,positive,positive,positive,positive,"""I really like to be alone""  I'm feeling that",Flyana Boss
UgzkMN5D1zGD8r-wIaJ4AaABAg,0.0,0.0,0.0,0.0,0.0,0.0,neutral,neutral,neutral,neutral,neutral,neutral,"this was for the gays, she knows whats up hehe",COBRAH
UgzkWdVa8MiWLwE0uP94AaABAg,0.7579,0.7579,0.7579,0.7579,0.7579,0.7579,positive,positive,positive,positive,positive,positive,Great way to  highlight the work put into you look.,COBRAH
Ugzl6hIe1BASNNgYy1h4AaABAg,0.7482,0.7482,0.7482,0.7482,0.7482,0.7482,positive,positive,positive,positive,positive,positive,"THIS IS THE ONE!!!!!!!!!! we need a video for this song, best on the album",COBRAH
UgzlVSxxJErZW51ZEDl4AaABAg,0.6597,0.6597,0.6597,0.6597,0.6597,0.6597,positive,positive,positive,positive,positive,positive,Three Songs we eating good. Like Lizzo,re6ce
UgzlZKOf-IB4Ikk8q5p4AaABAg,0.947,0.93,0.93,0.93,0.93,-0.5423,positive,positive,positive,positive,positive,negative,This a prime example of why I support everything 1017 💯🔥🔥🔥,BiC Fizzle
UgzlcpCOozUNRjFuubh4AaABAg,0.9231,0.9231,0.9231,0.9231,0.9231,0.9231,positive,positive,positive,positive,positive,positive,This song is beautiful and sweet and the ending of the video had me tearing up 💖,Corook
Ugzm60qil42dedTS2sN4AaABAg,0.9627,0.9627,0.9627,0.9627,0.9627,0.9627,positive,positive,positive,positive,positive,positive,"Folayan has such a pretty voice, she should definitely sing more❤❤❤",Flyana Boss
UgzmHnTHP_YtvZ-wusN4AaABAg,0.8118,0.8118,0.8118,0.8118,0.8118,0.8118,positive,positive,positive,positive,positive,positive,Hey Raiche! Yay New music! Congrats on the baby.,Raiche
UgzmOVEo4fTvUHz2JN14AaABAg,0.5562,0.5562,0.5562,0.5562,0.5562,0.5562,positive,positive,positive,positive,positive,positive,These girls can SING too?! Impressive af,Flyana Boss
Ugzq3H4emgowMoSn7Ax4AaABAg,0.6416,0.5719,0.5719,0.5719,0.5719,-0.34,positive,positive,positive,positive,positive,negative,"both of u are still incredible, stay on it ❤‍🔥",re6ce
UgzrrGxWK78cm1iBmZF4AaABAg,0.4084,0.4084,0.4084,0.4084,0.4084,0.4084,positive,positive,positive,positive,positive,positive,I feel this all the way down in my autism. :P,Corook
Ugzs0kaXLhtywLibA3F4AaABAg,0.8838,0.8838,0.8838,0.8838,0.8838,0.8838,positive,positive,positive,positive,positive,positive,I love y’all just found you today. You girls are so talented and will blow!!!,Flyana Boss
UgzsgxC1DnfNH5ruHsF4AaABAg,0.0,0.0,0.0,0.0,0.0,0.0,neutral,neutral,neutral,neutral,neutral,neutral,I WILL GET BIC FIZZLE ON MY BEATS ONE DAY IM SPEAKING IT INTO EXISTENCE 🗣️,BiC Fizzle
UgztqDlI5_JlwwYoMdN4AaABAg,0.88,0.88,0.88,0.88,0.88,0.88,positive,positive,positive,positive,positive,positive,Was not expecting the change after the first verse! It's great! Love this!,Raiche
UgzttayKnEQcpx9QXW14AaABAg,0.0,0.0,0.0,0.0,0.0,0.0,neutral,neutral,neutral,neutral,neutral,neutral,They have to make a coming of age movie and put this song on it,Flyana Boss
UgzuKN_554KCNgFoE-h4AaABAg,0.915,0.8745,0.8745,0.8745,0.8745,0.8745,positive,positive,positive,positive,positive,positive,omg I love the throwback Disney Channel Original vibes and the Zenon reference <3 this is dope!!,Flyana Boss
UgzvhKy9erQUAbQd1Ih4AaABAg,0.6369,0.6369,0.6369,0.6369,0.6369,0.6369,positive,positive,positive,positive,positive,positive,"Refreshing ❤
Don't let the industry change ya'll",Flyana Boss
UgzwVoj4QlaGYDjANo94AaABAg,0.955,0.955,0.955,0.955,0.955,0.955,positive,positive,positive,positive,positive,positive,She went from gorgeous to absolutely stunning ❤😊,Flyana Boss
UgzwWm4GOs7QhBIVOs94AaABAg,0.9217,0.926,0.926,0.926,0.926,0.926,positive,positive,positive,positive,positive,positive,Every song it’s a masterpiece ❤❤,Raiche
UgzykqXQX5EnU0It-Yh4AaABAg,0.4404,0.4404,0.4404,0.4404,0.4404,0.4404,positive,positive,positive,positive,positive,positive,Is that what Nicki said😂 it seems familiar that intro,Flyana Boss
Ugzz-Lh_GZo8TKGP8yd4AaABAg,0.8519,0.8519,0.8519,0.8519,0.8519,0.8519,positive,positive,positive,positive,positive,positive,They are some of the best choreographer in Korea now. It would be great to see the dance on stage one day,Flyana Boss
