comment_id,comment_text,normalized_text,artist,video_id,engagement_level,has_emoji,has_caps,has_exclamation,word_count,compound_stock,pos,neg,neu,sentiment_stock,variant,sentiment_enhanced,compound_enhanced,improvement_type
UgxZAV9t09ftdFXpoF94AaABAg,"My girls are eating and leaving NO crumbs for the haters.
As successful as y'all are, considering how talented and how much of a fire bangger all the music is, y'all are SERIOUSLY underrated ❤️","My girls are eating and leaving NO crumbs for the haters.
As successful as y'all are, considering how talented and how much of a fire bangger all the music is, y'all are SERIOUSLY underrated ❤️",Flyana Boss,lM8oYQCqOqk,high_engagement,False,True,False,35,-0.434,0.148,0.228,0.624,negative,enhanced_minimal,positive,0.4997,negative → positive
UgwIM50BX6rDExOJzCN4AaABAg,"Fire drop, from favourite artist","Fire drop, from favourite artist",re6ce,lyucNWtLwMM,high_engagement,False,False,False,5,-0.5423,0.0,0.6,0.4,negative,enhanced_minimal,positive,0.3818,negative → positive
UgxCfvA-FBd8P4pi3Pp4AaABAg,Everything these ladies drop be fire.🙏,Everything these ladies drop be fire.🙏,Flyana Boss,zuw4fXFYiWk,high_engagement,True,False,False,6,-0.5423,0.0,0.429,0.571,negative,enhanced_minimal,positive,0.3818,negative → positive
UgzlZKOf-IB4Ikk8q5p4AaABAg,This a prime example of why I support everything 1017 💯🔥🔥🔥,This a prime example of why I support everything 1017 💯🔥🔥🔥,BiC Fizzle,pSPryuOsTdc,high_engagement,False,False,False,11,-0.5423,0.129,0.344,0.526,negative,enhanced_minimal,positive,0.93,negative → positive
Ugx-RYsYMkkmi-Tt6YZ4AaABAg,I’m begging for a longer version. This song SLAPS,I’m begging for a longer version. This song SLAPS,Flyana Boss,cdOYQPESf2U,high_engagement,False,True,False,9,0.0,0.0,0.0,1.0,neutral,enhanced_minimal,positive,0.6523,neutral → positive
UgxnMOa6dqw5RSZ8t9l4AaABAg,"Oh yeah, this is 🔥","Oh yeah, this is 🔥",Flyana Boss,GfKKbtp078U,high_engagement,False,False,False,5,-0.0516,0.289,0.316,0.395,negative,enhanced_minimal,positive,0.7096,negative → positive
Ugz2H4toQ5OU9q0G7Xl4AaABAg,Blytheville Is UP🔥🔥🔥🔥💪🏿💪🏿💪🏿💪🏿!!!!,Blytheville Is UP🔥🔥🔥🔥💪🏿💪🏿💪🏿💪🏿!!!!,BiC Fizzle,mh7QcuggbmA,high_engagement,False,False,True,3,-0.8679,0.0,0.319,0.681,negative,enhanced_minimal,positive,0.9514,negative → positive
Ugzg-bk86fjTtK-LoIF4AaABAg,Now this a hella banger,Now this a hella banger,Flyana Boss,sEv2faib5p4,high_engagement,False,False,False,5,0.0,0.0,0.0,1.0,neutral,enhanced_minimal,positive,0.6115,neutral → positive
UgwzD9KKJraPmdwRRot4AaABAg,They dope as a mf.....Letssss go🔥🔥🔥🔥🔥They are very unique they not looking like everyone else...They got there own style they got something with this...They are mf superstars in the mf making....,They dope as a mf.....Letssss go🔥🔥🔥🔥🔥They are very unique they not looking like everyone else...They got there own style they got something with this...They are mf superstars in the mf making....,Flyana Boss,jPrF8zVf4eg,high_engagement,False,False,False,31,-0.8661,0.0,0.274,0.726,negative,enhanced_minimal,positive,0.9286,negative → positive
UgxofOYfMhRRAOwyrph4AaABAg,"""FIRE OBSSESION"" você me paga por me viciar nessa obra prima","""FIRE OBSSESION"" você me paga por me viciar nessa obra prima",Raiche,2gGD4sIONoo,high_engagement,False,True,False,11,-0.4824,0.0,0.239,0.761,negative,enhanced_minimal,positive,0.6633,negative → positive
UgzRXQdgx4bb59hcUGJ4AaABAg,I was fine before this song dropped. This fire,I was fine before this song dropped. This fire,Raiche,hwfSuRLbetY,high_engagement,False,False,False,9,-0.2382,0.156,0.238,0.606,negative,enhanced_minimal,positive,0.7331,negative → positive
UgxFCjLVs5M6_0IWPN14AaABAg,"""I'm a beast I thought I said"" fire line","""I'm a beast I thought I said"" fire line",Flyana Boss,YDRSKyxMj30,high_engagement,False,False,False,9,-0.34,0.0,0.231,0.769,negative,enhanced_minimal,positive,0.5719,negative → positive
UgyJQKJwWW_-O7cAwDx4AaABAg,"Here b4 a million views!!
Can’t wait to link up with you again 🔥🎥🎵 I’ll gladly shoot your video!","Here b4 a million views!!
Can’t wait to link up with you again 🔥🎥🎵 I’ll gladly shoot your video!",Raiche,6bA0eiekB5A,high_engagement,False,False,True,19,-0.5067,0.085,0.202,0.712,negative,enhanced_minimal,positive,0.6784,negative → positive
Ugximk-8xmw6vGSHbzN4AaABAg,🤦🏾‍♂️dis nigga too pressure🔥🔥🔥,🤦🏾‍♂️dis nigga too pressure🔥🔥🔥,BiC Fizzle,5Y8f7FpAF2Y,high_engagement,True,False,False,4,-0.8126,0.0,0.511,0.489,negative,enhanced_minimal,positive,0.872,negative → positive
UgwB1aZcuSPQ_X-oeol4AaABAg,Yo this is fire,Yo this is fire,Corook,UO0snanNWvg,high_engagement,False,False,False,4,-0.34,0.0,0.444,0.556,negative,enhanced_minimal,positive,0.5719,negative → positive
UgxA85dOnnEa_056nRh4AaABAg,The album gonna be🔥🔥🔥💃🏾💃🏾💃🏾💃🏾,The album gonna be🔥🔥🔥💃🏾💃🏾💃🏾💃🏾,Flyana Boss,sEv2faib5p4,high_engagement,False,False,False,4,-0.7351,0.0,0.231,0.769,negative,enhanced_minimal,positive,0.9022,negative → positive
UgzL_UMcfYu-dwfCgTt4AaABAg,"The song, the camera work…🔥🔥🔥","The song, the camera work…🔥🔥🔥",Flyana Boss,Hg5D3M3xORM,high_engagement,False,False,False,5,-0.7351,0.0,0.59,0.41,negative,enhanced_minimal,positive,0.9022,negative → positive
UgyFAI6HQ4F2GRKbuld4AaABAg,Another bop. 🔥,Another bop. 🔥,Flyana Boss,2fawj2f8qSc,high_engagement,False,False,False,3,-0.34,0.0,0.545,0.455,negative,enhanced_minimal,positive,0.5719,negative → positive
Ugym-47nADLX3PHwI0V4AaABAg,"Aye how can I say this…..it’s fire, the beat,y’all flow, it’s all fire. Don’t stop","Aye how can I say this…..it’s fire, the beat,y’all flow, it’s all fire. Don’t stop",Flyana Boss,Yejow_ylKJI,high_engagement,False,False,False,15,-0.7184,0.0,0.368,0.632,negative,enhanced_minimal,positive,0.7351,negative → positive
UgwAkmlSS_n7qcujde14AaABAg,"This song is such a banger, on loop 24/7","This song is such a banger, on loop 24/7",re6ce,KGCHS7XYyGM,high_engagement,False,False,False,9,0.0,0.0,0.0,1.0,neutral,enhanced_minimal,positive,0.5719,neutral → positive
UgzEhvraht3-wRR6k114AaABAg,SHIIIIIIIIIIII- 🔥🔥🔥🔥🔥,SHIIIIIIIIIIII- 🔥🔥🔥🔥🔥,Raiche,ZEbhhfn7zew,high_engagement,False,True,False,2,-0.875,0.0,0.923,0.077,negative,enhanced_minimal,positive,0.9612,negative → positive
UgyArUcdboQe3z0r42F4AaABAg,This goes hard,This goes hard,Flyana Boss,asZctgZ3WAY,high_engagement,False,False,False,3,-0.1027,0.0,0.412,0.588,negative,enhanced_minimal,neutral,0.0,negative → neutral
UgwUnQlE5taqzf38dw94AaABAg,That picture or her is giving Hellraiser.🔥🔥🔥,That picture or her is giving Hellraiser.🔥🔥🔥,COBRAH,LvWYkR-J1XQ,high_engagement,False,False,False,7,-0.5859,0.154,0.462,0.385,negative,enhanced_minimal,positive,0.926,negative → positive
UgwdLKEn3Zm572NAkid4AaABAg,Yeah this is going on the gym playlist 🔥🔥🔥🔥🔥🔥,Yeah this is going on the gym playlist 🔥🔥🔥🔥🔥🔥,Flyana Boss,FjzVtPozZrs,high_engagement,False,False,False,9,-0.8807,0.093,0.61,0.297,negative,enhanced_minimal,positive,0.9761,negative → positive
UgwJ85vgjc1f8y3WmI54AaABAg,Young Lyricist's right here 🔥 need more of this duo 💯,Young Lyricist's right here 🔥 need more of this duo 💯,BiC Fizzle,Drxn6eYRg4Y,high_engagement,False,False,False,11,-0.34,0.0,0.179,0.821,negative,enhanced_minimal,positive,0.5719,negative → positive
Ugx5f8w04AjY_E_YYwh4AaABAg,This beat so hard mane 🔥🔥🔥🔥🔥🫱🏾‍🫲🏿,This beat so hard mane 🔥🔥🔥🔥🔥🫱🏾‍🫲🏿,BiC Fizzle,NESZwtElTWU,high_engagement,True,False,False,6,-0.8667,0.0,0.516,0.484,negative,enhanced_minimal,positive,0.9348,negative → positive
UgxXV-hPeC_dJhvwcDJ4AaABAg,She building all the anticipation 🔥🔥🔥🔥🔥,She building all the anticipation 🔥🔥🔥🔥🔥,COBRAH,vFTDbO647Ys,high_engagement,False,False,False,6,-0.8625,0.08,0.69,0.23,negative,enhanced_minimal,positive,0.9633,negative → positive
Ugzq3H4emgowMoSn7Ax4AaABAg,"both of u are still incredible, stay on it ❤‍🔥","both of u are still incredible, stay on it ❤‍🔥",re6ce,PntQqVjfRLc,high_engagement,False,False,False,10,-0.34,0.0,0.179,0.821,negative,enhanced_minimal,positive,0.5719,negative → positive
UgxZAV9t09ftdFXpoF94AaABAg,"My girls are eating and leaving NO crumbs for the haters.
As successful as y'all are, considering how talented and how much of a fire bangger all the music is, y'all are SERIOUSLY underrated ❤️","My girls are eating and leaving NO crumbs for the haters.
As successful as y'all are, considering how talented and how much of a fire bangger all the music is, y'all are SERIOUSLY underrated ❤️",Flyana Boss,lM8oYQCqOqk,high_engagement,False,True,False,35,-0.434,0.148,0.228,0.624,negative,enhanced_moderate,positive,0.4997,negative → positive
UgwIM50BX6rDExOJzCN4AaABAg,"Fire drop, from favourite artist","Fire drop, from favourite artist",re6ce,lyucNWtLwMM,high_engagement,False,False,False,5,-0.5423,0.0,0.6,0.4,negative,enhanced_moderate,positive,0.3818,negative → positive
UgxCfvA-FBd8P4pi3Pp4AaABAg,Everything these ladies drop be fire.🙏,Everything these ladies drop be fire.🙏,Flyana Boss,zuw4fXFYiWk,high_engagement,True,False,False,6,-0.5423,0.0,0.429,0.571,negative,enhanced_moderate,positive,0.3818,negative → positive
UgzlZKOf-IB4Ikk8q5p4AaABAg,This a prime example of why I support everything 1017 💯🔥🔥🔥,This a prime example of why I support everything 1017 💯🔥🔥🔥,BiC Fizzle,pSPryuOsTdc,high_engagement,False,False,False,11,-0.5423,0.129,0.344,0.526,negative,enhanced_moderate,positive,0.93,negative → positive
Ugx-RYsYMkkmi-Tt6YZ4AaABAg,I’m begging for a longer version. This song SLAPS,I’m begging for a longer version. This song SLAPS,Flyana Boss,cdOYQPESf2U,high_engagement,False,True,False,9,0.0,0.0,0.0,1.0,neutral,enhanced_moderate,positive,0.6523,neutral → positive
UgxnMOa6dqw5RSZ8t9l4AaABAg,"Oh yeah, this is 🔥","Oh yeah, this is 🔥",Flyana Boss,GfKKbtp078U,high_engagement,False,False,False,5,-0.0516,0.289,0.316,0.395,negative,enhanced_moderate,positive,0.7096,negative → positive
Ugz2H4toQ5OU9q0G7Xl4AaABAg,Blytheville Is UP🔥🔥🔥🔥💪🏿💪🏿💪🏿💪🏿!!!!,Blytheville Is UP🔥🔥🔥🔥💪🏿💪🏿💪🏿💪🏿!!!!,BiC Fizzle,mh7QcuggbmA,high_engagement,False,False,True,3,-0.8679,0.0,0.319,0.681,negative,enhanced_moderate,positive,0.9514,negative → positive
Ugzg-bk86fjTtK-LoIF4AaABAg,Now this a hella banger,Now this a hella banger,Flyana Boss,sEv2faib5p4,high_engagement,False,False,False,5,0.0,0.0,0.0,1.0,neutral,enhanced_moderate,positive,0.6115,neutral → positive
UgwzD9KKJraPmdwRRot4AaABAg,They dope as a mf.....Letssss go🔥🔥🔥🔥🔥They are very unique they not looking like everyone else...They got there own style they got something with this...They are mf superstars in the mf making....,They dope as a mf.....Letssss go🔥🔥🔥🔥🔥They are very unique they not looking like everyone else...They got there own style they got something with this...They are mf superstars in the mf making....,Flyana Boss,jPrF8zVf4eg,high_engagement,False,False,False,31,-0.8661,0.0,0.274,0.726,negative,enhanced_moderate,positive,0.9286,negative → positive
UgxofOYfMhRRAOwyrph4AaABAg,"""FIRE OBSSESION"" você me paga por me viciar nessa obra prima","""FIRE OBSSESION"" você me paga por me viciar nessa obra prima",Raiche,2gGD4sIONoo,high_engagement,False,True,False,11,-0.4824,0.0,0.239,0.761,negative,enhanced_moderate,positive,0.6633,negative → positive
UgzRXQdgx4bb59hcUGJ4AaABAg,I was fine before this song dropped. This fire,I was fine before this song dropped. This fire,Raiche,hwfSuRLbetY,high_engagement,False,False,False,9,-0.2382,0.156,0.238,0.606,negative,enhanced_moderate,positive,0.7331,negative → positive
UgxFCjLVs5M6_0IWPN14AaABAg,"""I'm a beast I thought I said"" fire line","""I'm a beast I thought I said"" fire line",Flyana Boss,YDRSKyxMj30,high_engagement,False,False,False,9,-0.34,0.0,0.231,0.769,negative,enhanced_moderate,positive,0.5719,negative → positive
UgyJQKJwWW_-O7cAwDx4AaABAg,"Here b4 a million views!!
Can’t wait to link up with you again 🔥🎥🎵 I’ll gladly shoot your video!","Here b4 a million views!!
Can’t wait to link up with you again 🔥🎥🎵 I’ll gladly shoot your video!",Raiche,6bA0eiekB5A,high_engagement,False,False,True,19,-0.5067,0.085,0.202,0.712,negative,enhanced_moderate,positive,0.6784,negative → positive
Ugximk-8xmw6vGSHbzN4AaABAg,🤦🏾‍♂️dis nigga too pressure🔥🔥🔥,🤦🏾‍♂️dis nigga too pressure🔥🔥🔥,BiC Fizzle,5Y8f7FpAF2Y,high_engagement,True,False,False,4,-0.8126,0.0,0.511,0.489,negative,enhanced_moderate,positive,0.872,negative → positive
UgwB1aZcuSPQ_X-oeol4AaABAg,Yo this is fire,Yo this is fire,Corook,UO0snanNWvg,high_engagement,False,False,False,4,-0.34,0.0,0.444,0.556,negative,enhanced_moderate,positive,0.5719,negative → positive
UgxA85dOnnEa_056nRh4AaABAg,The album gonna be🔥🔥🔥💃🏾💃🏾💃🏾💃🏾,The album gonna be🔥🔥🔥💃🏾💃🏾💃🏾💃🏾,Flyana Boss,sEv2faib5p4,high_engagement,False,False,False,4,-0.7351,0.0,0.231,0.769,negative,enhanced_moderate,positive,0.9022,negative → positive
UgzL_UMcfYu-dwfCgTt4AaABAg,"The song, the camera work…🔥🔥🔥","The song, the camera work…🔥🔥🔥",Flyana Boss,Hg5D3M3xORM,high_engagement,False,False,False,5,-0.7351,0.0,0.59,0.41,negative,enhanced_moderate,positive,0.9022,negative → positive
UgyFAI6HQ4F2GRKbuld4AaABAg,Another bop. 🔥,Another bop. 🔥,Flyana Boss,2fawj2f8qSc,high_engagement,False,False,False,3,-0.34,0.0,0.545,0.455,negative,enhanced_moderate,positive,0.7964,negative → positive
Ugym-47nADLX3PHwI0V4AaABAg,"Aye how can I say this…..it’s fire, the beat,y’all flow, it’s all fire. Don’t stop","Aye how can I say this…..it’s fire, the beat,y’all flow, it’s all fire. Don’t stop",Flyana Boss,Yejow_ylKJI,high_engagement,False,False,False,15,-0.7184,0.0,0.368,0.632,negative,enhanced_moderate,positive,0.7351,negative → positive
UgwAkmlSS_n7qcujde14AaABAg,"This song is such a banger, on loop 24/7","This song is such a banger, on loop 24/7",re6ce,KGCHS7XYyGM,high_engagement,False,False,False,9,0.0,0.0,0.0,1.0,neutral,enhanced_moderate,positive,0.5719,neutral → positive
UgzEhvraht3-wRR6k114AaABAg,SHIIIIIIIIIIII- 🔥🔥🔥🔥🔥,SHIIIIIIIIIIII- 🔥🔥🔥🔥🔥,Raiche,ZEbhhfn7zew,high_engagement,False,True,False,2,-0.875,0.0,0.923,0.077,negative,enhanced_moderate,positive,0.9612,negative → positive
UgyArUcdboQe3z0r42F4AaABAg,This goes hard,This goes hard,Flyana Boss,asZctgZ3WAY,high_engagement,False,False,False,3,-0.1027,0.0,0.412,0.588,negative,enhanced_moderate,positive,0.5574,negative → positive
UgwUnQlE5taqzf38dw94AaABAg,That picture or her is giving Hellraiser.🔥🔥🔥,That picture or her is giving Hellraiser.🔥🔥🔥,COBRAH,LvWYkR-J1XQ,high_engagement,False,False,False,7,-0.5859,0.154,0.462,0.385,negative,enhanced_moderate,positive,0.926,negative → positive
UgwdLKEn3Zm572NAkid4AaABAg,Yeah this is going on the gym playlist 🔥🔥🔥🔥🔥🔥,Yeah this is going on the gym playlist 🔥🔥🔥🔥🔥🔥,Flyana Boss,FjzVtPozZrs,high_engagement,False,False,False,9,-0.8807,0.093,0.61,0.297,negative,enhanced_moderate,positive,0.9761,negative → positive
UgwJ85vgjc1f8y3WmI54AaABAg,Young Lyricist's right here 🔥 need more of this duo 💯,Young Lyricist's right here 🔥 need more of this duo 💯,BiC Fizzle,Drxn6eYRg4Y,high_engagement,False,False,False,11,-0.34,0.0,0.179,0.821,negative,enhanced_moderate,positive,0.5719,negative → positive
Ugx5f8w04AjY_E_YYwh4AaABAg,This beat so hard mane 🔥🔥🔥🔥🔥🫱🏾‍🫲🏿,This beat so hard mane 🔥🔥🔥🔥🔥🫱🏾‍🫲🏿,BiC Fizzle,NESZwtElTWU,high_engagement,True,False,False,6,-0.8667,0.0,0.516,0.484,negative,enhanced_moderate,positive,0.9348,negative → positive
UgxXV-hPeC_dJhvwcDJ4AaABAg,She building all the anticipation 🔥🔥🔥🔥🔥,She building all the anticipation 🔥🔥🔥🔥🔥,COBRAH,vFTDbO647Ys,high_engagement,False,False,False,6,-0.8625,0.08,0.69,0.23,negative,enhanced_moderate,positive,0.9633,negative → positive
Ugzq3H4emgowMoSn7Ax4AaABAg,"both of u are still incredible, stay on it ❤‍🔥","both of u are still incredible, stay on it ❤‍🔥",re6ce,PntQqVjfRLc,high_engagement,False,False,False,10,-0.34,0.0,0.179,0.821,negative,enhanced_moderate,positive,0.5719,negative → positive
UgxZAV9t09ftdFXpoF94AaABAg,"My girls are eating and leaving NO crumbs for the haters.
As successful as y'all are, considering how talented and how much of a fire bangger all the music is, y'all are SERIOUSLY underrated ❤️","My girls are eating and leaving NO crumbs for the haters.
As successful as y'all are, considering how talented and how much of a fire bangger all the music is, y'all are SERIOUSLY underrated ❤️",Flyana Boss,lM8oYQCqOqk,high_engagement,False,True,False,35,-0.434,0.148,0.228,0.624,negative,enhanced_comprehensive,positive,0.4997,negative → positive
UgwIM50BX6rDExOJzCN4AaABAg,"Fire drop, from favourite artist","Fire drop, from favourite artist",re6ce,lyucNWtLwMM,high_engagement,False,False,False,5,-0.5423,0.0,0.6,0.4,negative,enhanced_comprehensive,positive,0.3818,negative → positive
UgxCfvA-FBd8P4pi3Pp4AaABAg,Everything these ladies drop be fire.🙏,Everything these ladies drop be fire.🙏,Flyana Boss,zuw4fXFYiWk,high_engagement,True,False,False,6,-0.5423,0.0,0.429,0.571,negative,enhanced_comprehensive,positive,0.3818,negative → positive
UgzlZKOf-IB4Ikk8q5p4AaABAg,This a prime example of why I support everything 1017 💯🔥🔥🔥,This a prime example of why I support everything 1017 💯🔥🔥🔥,BiC Fizzle,pSPryuOsTdc,high_engagement,False,False,False,11,-0.5423,0.129,0.344,0.526,negative,enhanced_comprehensive,positive,0.93,negative → positive
Ugx-RYsYMkkmi-Tt6YZ4AaABAg,I’m begging for a longer version. This song SLAPS,I’m begging for a longer version. This song SLAPS,Flyana Boss,cdOYQPESf2U,high_engagement,False,True,False,9,0.0,0.0,0.0,1.0,neutral,enhanced_comprehensive,positive,0.6523,neutral → positive
UgxnMOa6dqw5RSZ8t9l4AaABAg,"Oh yeah, this is 🔥","Oh yeah, this is 🔥",Flyana Boss,GfKKbtp078U,high_engagement,False,False,False,5,-0.0516,0.289,0.316,0.395,negative,enhanced_comprehensive,positive,0.7096,negative → positive
Ugz2H4toQ5OU9q0G7Xl4AaABAg,Blytheville Is UP🔥🔥🔥🔥💪🏿💪🏿💪🏿💪🏿!!!!,Blytheville Is UP🔥🔥🔥🔥💪🏿💪🏿💪🏿💪🏿!!!!,BiC Fizzle,mh7QcuggbmA,high_engagement,False,False,True,3,-0.8679,0.0,0.319,0.681,negative,enhanced_comprehensive,positive,0.9514,negative → positive
Ugzg-bk86fjTtK-LoIF4AaABAg,Now this a hella banger,Now this a hella banger,Flyana Boss,sEv2faib5p4,high_engagement,False,False,False,5,0.0,0.0,0.0,1.0,neutral,enhanced_comprehensive,positive,0.6115,neutral → positive
UgwzD9KKJraPmdwRRot4AaABAg,They dope as a mf.....Letssss go🔥🔥🔥🔥🔥They are very unique they not looking like everyone else...They got there own style they got something with this...They are mf superstars in the mf making....,They dope as a mf.....Letssss go🔥🔥🔥🔥🔥They are very unique they not looking like everyone else...They got there own style they got something with this...They are mf superstars in the mf making....,Flyana Boss,jPrF8zVf4eg,high_engagement,False,False,False,31,-0.8661,0.0,0.274,0.726,negative,enhanced_comprehensive,positive,0.9286,negative → positive
UgxofOYfMhRRAOwyrph4AaABAg,"""FIRE OBSSESION"" você me paga por me viciar nessa obra prima","""FIRE OBSSESION"" você me paga por me viciar nessa obra prima",Raiche,2gGD4sIONoo,high_engagement,False,True,False,11,-0.4824,0.0,0.239,0.761,negative,enhanced_comprehensive,positive,0.6633,negative → positive
UgzRXQdgx4bb59hcUGJ4AaABAg,I was fine before this song dropped. This fire,I was fine before this song dropped. This fire,Raiche,hwfSuRLbetY,high_engagement,False,False,False,9,-0.2382,0.156,0.238,0.606,negative,enhanced_comprehensive,positive,0.7331,negative → positive
UgxFCjLVs5M6_0IWPN14AaABAg,"""I'm a beast I thought I said"" fire line","""I'm a beast I thought I said"" fire line",Flyana Boss,YDRSKyxMj30,high_engagement,False,False,False,9,-0.34,0.0,0.231,0.769,negative,enhanced_comprehensive,positive,0.5719,negative → positive
UgyJQKJwWW_-O7cAwDx4AaABAg,"Here b4 a million views!!
Can’t wait to link up with you again 🔥🎥🎵 I’ll gladly shoot your video!","Here b4 a million views!!
Can’t wait to link up with you again 🔥🎥🎵 I’ll gladly shoot your video!",Raiche,6bA0eiekB5A,high_engagement,False,False,True,19,-0.5067,0.085,0.202,0.712,negative,enhanced_comprehensive,positive,0.6784,negative → positive
Ugximk-8xmw6vGSHbzN4AaABAg,🤦🏾‍♂️dis nigga too pressure🔥🔥🔥,🤦🏾‍♂️dis nigga too pressure🔥🔥🔥,BiC Fizzle,5Y8f7FpAF2Y,high_engagement,True,False,False,4,-0.8126,0.0,0.511,0.489,negative,enhanced_comprehensive,positive,0.872,negative → positive
UgwB1aZcuSPQ_X-oeol4AaABAg,Yo this is fire,Yo this is fire,Corook,UO0snanNWvg,high_engagement,False,False,False,4,-0.34,0.0,0.444,0.556,negative,enhanced_comprehensive,positive,0.5719,negative → positive
UgxA85dOnnEa_056nRh4AaABAg,The album gonna be🔥🔥🔥💃🏾💃🏾💃🏾💃🏾,The album gonna be🔥🔥🔥💃🏾💃🏾💃🏾💃🏾,Flyana Boss,sEv2faib5p4,high_engagement,False,False,False,4,-0.7351,0.0,0.231,0.769,negative,enhanced_comprehensive,positive,0.9022,negative → positive
UgxayeAoS6pKbD6rSCl4AaABAg,Ain't seen nothing this original in a minute. Obsessed.,Ain't seen nothing this original in a minute. Obsessed.,Flyana Boss,1el1xIBiUcE,high_engagement,False,False,False,9,-0.4409,0.0,0.358,0.642,negative,enhanced_comprehensive,positive,0.2017,negative → positive
UgzL_UMcfYu-dwfCgTt4AaABAg,"The song, the camera work…🔥🔥🔥","The song, the camera work…🔥🔥🔥",Flyana Boss,Hg5D3M3xORM,high_engagement,False,False,False,5,-0.7351,0.0,0.59,0.41,negative,enhanced_comprehensive,positive,0.9022,negative → positive
UgyFAI6HQ4F2GRKbuld4AaABAg,Another bop. 🔥,Another bop. 🔥,Flyana Boss,2fawj2f8qSc,high_engagement,False,False,False,3,-0.34,0.0,0.545,0.455,negative,enhanced_comprehensive,positive,0.7964,negative → positive
Ugym-47nADLX3PHwI0V4AaABAg,"Aye how can I say this…..it’s fire, the beat,y’all flow, it’s all fire. Don’t stop","Aye how can I say this…..it’s fire, the beat,y’all flow, it’s all fire. Don’t stop",Flyana Boss,Yejow_ylKJI,high_engagement,False,False,False,15,-0.7184,0.0,0.368,0.632,negative,enhanced_comprehensive,positive,0.7351,negative → positive
UgwAkmlSS_n7qcujde14AaABAg,"This song is such a banger, on loop 24/7","This song is such a banger, on loop 24/7",re6ce,KGCHS7XYyGM,high_engagement,False,False,False,9,0.0,0.0,0.0,1.0,neutral,enhanced_comprehensive,positive,0.5719,neutral → positive
UgzEhvraht3-wRR6k114AaABAg,SHIIIIIIIIIIII- 🔥🔥🔥🔥🔥,SHIIIIIIIIIIII- 🔥🔥🔥🔥🔥,Raiche,ZEbhhfn7zew,high_engagement,False,True,False,2,-0.875,0.0,0.923,0.077,negative,enhanced_comprehensive,positive,0.9612,negative → positive
UgwxdJCFgss1ZUaGart4AaABAg,Obsessed with the little exit chorus at the end,Obsessed with the little exit chorus at the end,COBRAH,LvWYkR-J1XQ,high_engagement,False,False,False,9,-0.1779,0.0,0.175,0.825,negative,enhanced_comprehensive,positive,0.4588,negative → positive
UgyArUcdboQe3z0r42F4AaABAg,This goes hard,This goes hard,Flyana Boss,asZctgZ3WAY,high_engagement,False,False,False,3,-0.1027,0.0,0.412,0.588,negative,enhanced_comprehensive,positive,0.5574,negative → positive
UgwUnQlE5taqzf38dw94AaABAg,That picture or her is giving Hellraiser.🔥🔥🔥,That picture or her is giving Hellraiser.🔥🔥🔥,COBRAH,LvWYkR-J1XQ,high_engagement,False,False,False,7,-0.5859,0.154,0.462,0.385,negative,enhanced_comprehensive,positive,0.926,negative → positive
UgwdLKEn3Zm572NAkid4AaABAg,Yeah this is going on the gym playlist 🔥🔥🔥🔥🔥🔥,Yeah this is going on the gym playlist 🔥🔥🔥🔥🔥🔥,Flyana Boss,FjzVtPozZrs,high_engagement,False,False,False,9,-0.8807,0.093,0.61,0.297,negative,enhanced_comprehensive,positive,0.9761,negative → positive
UgwHgR5_FNmQ2NOIG0l4AaABAg,Mother feeding us our summer bops,Mother feeding us our summer bops,COBRAH,mcrdqSJNYlk,high_engagement,False,False,False,6,0.0,0.0,0.0,1.0,neutral,enhanced_comprehensive,positive,0.3612,neutral → positive
UgwJ85vgjc1f8y3WmI54AaABAg,Young Lyricist's right here 🔥 need more of this duo 💯,Young Lyricist's right here 🔥 need more of this duo 💯,BiC Fizzle,Drxn6eYRg4Y,high_engagement,False,False,False,11,-0.34,0.0,0.179,0.821,negative,enhanced_comprehensive,positive,0.5719,negative → positive
Ugx5f8w04AjY_E_YYwh4AaABAg,This beat so hard mane 🔥🔥🔥🔥🔥🫱🏾‍🫲🏿,This beat so hard mane 🔥🔥🔥🔥🔥🫱🏾‍🫲🏿,BiC Fizzle,NESZwtElTWU,high_engagement,True,False,False,6,-0.8667,0.0,0.516,0.484,negative,enhanced_comprehensive,positive,0.9348,negative → positive
Ugy-Xzifk9nFWvt_-6Z4AaABAg,FINALLY a song for the cunty switches 😩✨🫶🏽🩷💕🩷 obsessed!,FINALLY a song for the cunty switches 😩✨🫶🏽🩷💕🩷 obsessed!,Flyana Boss,4uMfNChaO8Y,high_engagement,True,True,False,9,-0.4753,0.0,0.226,0.774,negative,enhanced_comprehensive,positive,0.2942,negative → positive
UgyGIFK-xDrHLqUPNH94AaABAg,Mother has been serving us this summer 😩,Mother has been serving us this summer 😩,COBRAH,mcrdqSJNYlk,high_engagement,True,False,False,8,-0.2732,0.0,0.208,0.792,negative,enhanced_comprehensive,positive,0.1027,negative → positive
UgxXV-hPeC_dJhvwcDJ4AaABAg,She building all the anticipation 🔥🔥🔥🔥🔥,She building all the anticipation 🔥🔥🔥🔥🔥,COBRAH,vFTDbO647Ys,high_engagement,False,False,False,6,-0.8625,0.08,0.69,0.23,negative,enhanced_comprehensive,positive,0.9633,negative → positive
Ugzq3H4emgowMoSn7Ax4AaABAg,"both of u are still incredible, stay on it ❤‍🔥","both of u are still incredible, stay on it ❤‍🔥",re6ce,PntQqVjfRLc,high_engagement,False,False,False,10,-0.34,0.0,0.179,0.821,negative,enhanced_comprehensive,positive,0.5719,negative → positive
UgxZAV9t09ftdFXpoF94AaABAg,"My girls are eating and leaving NO crumbs for the haters.
As successful as y'all are, considering how talented and how much of a fire bangger all the music is, y'all are SERIOUSLY underrated ❤️","My girls are eating and leaving NO crumbs for the haters.
As successful as y'all are, considering how talented and how much of a fire bangger all the music is, y'all are SERIOUSLY underrated ❤️",Flyana Boss,lM8oYQCqOqk,high_engagement,False,True,False,35,-0.434,0.148,0.228,0.624,negative,enhanced_aggressive,positive,0.5823,negative → positive
UgwIM50BX6rDExOJzCN4AaABAg,"Fire drop, from favourite artist","Fire drop, from favourite artist",re6ce,lyucNWtLwMM,high_engagement,False,False,False,5,-0.5423,0.0,0.6,0.4,negative,enhanced_aggressive,positive,0.4836,negative → positive
UgxCfvA-FBd8P4pi3Pp4AaABAg,Everything these ladies drop be fire.🙏,Everything these ladies drop be fire.🙏,Flyana Boss,zuw4fXFYiWk,high_engagement,True,False,False,6,-0.5423,0.0,0.429,0.571,negative,enhanced_aggressive,positive,0.4836,negative → positive
UgzlZKOf-IB4Ikk8q5p4AaABAg,This a prime example of why I support everything 1017 💯🔥🔥🔥,This a prime example of why I support everything 1017 💯🔥🔥🔥,BiC Fizzle,pSPryuOsTdc,high_engagement,False,False,False,11,-0.5423,0.129,0.344,0.526,negative,enhanced_aggressive,positive,0.947,negative → positive
Ugx-RYsYMkkmi-Tt6YZ4AaABAg,I’m begging for a longer version. This song SLAPS,I’m begging for a longer version. This song SLAPS,Flyana Boss,cdOYQPESf2U,high_engagement,False,True,False,9,0.0,0.0,0.0,1.0,neutral,enhanced_aggressive,positive,0.7053,neutral → positive
UgxnMOa6dqw5RSZ8t9l4AaABAg,"Oh yeah, this is 🔥","Oh yeah, this is 🔥",Flyana Boss,GfKKbtp078U,high_engagement,False,False,False,5,-0.0516,0.289,0.316,0.395,negative,enhanced_aggressive,positive,0.7536,negative → positive
UgwFHEn66EsjH6ES_5h4AaABAg,Gives me KDA vibes and I'm all for it!,Gives me KDA vibes and I'm all for it!,Flyana Boss,d4LrS1c_-0E,high_engagement,False,True,False,9,0.0,0.0,0.0,1.0,neutral,enhanced_aggressive,positive,0.4753,neutral → positive
Ugz2H4toQ5OU9q0G7Xl4AaABAg,Blytheville Is UP🔥🔥🔥🔥💪🏿💪🏿💪🏿💪🏿!!!!,Blytheville Is UP🔥🔥🔥🔥💪🏿💪🏿💪🏿💪🏿!!!!,BiC Fizzle,mh7QcuggbmA,high_engagement,False,False,True,3,-0.8679,0.0,0.319,0.681,negative,enhanced_aggressive,positive,0.9644,negative → positive
Ugzg-bk86fjTtK-LoIF4AaABAg,Now this a hella banger,Now this a hella banger,Flyana Boss,sEv2faib5p4,high_engagement,False,False,False,5,0.0,0.0,0.0,1.0,neutral,enhanced_aggressive,positive,0.6739,neutral → positive
UgwzD9KKJraPmdwRRot4AaABAg,They dope as a mf.....Letssss go🔥🔥🔥🔥🔥They are very unique they not looking like everyone else...They got there own style they got something with this...They are mf superstars in the mf making....,They dope as a mf.....Letssss go🔥🔥🔥🔥🔥They are very unique they not looking like everyone else...They got there own style they got something with this...They are mf superstars in the mf making....,Flyana Boss,jPrF8zVf4eg,high_engagement,False,False,False,31,-0.8661,0.0,0.274,0.726,negative,enhanced_aggressive,positive,0.9505,negative → positive
UgxofOYfMhRRAOwyrph4AaABAg,"""FIRE OBSSESION"" você me paga por me viciar nessa obra prima","""FIRE OBSSESION"" você me paga por me viciar nessa obra prima",Raiche,2gGD4sIONoo,high_engagement,False,True,False,11,-0.4824,0.0,0.239,0.761,negative,enhanced_aggressive,positive,0.7161,negative → positive
UgzRXQdgx4bb59hcUGJ4AaABAg,I was fine before this song dropped. This fire,I was fine before this song dropped. This fire,Raiche,hwfSuRLbetY,high_engagement,False,False,False,9,-0.2382,0.156,0.238,0.606,negative,enhanced_aggressive,positive,0.7814,negative → positive
UgxFCjLVs5M6_0IWPN14AaABAg,"""I'm a beast I thought I said"" fire line","""I'm a beast I thought I said"" fire line",Flyana Boss,YDRSKyxMj30,high_engagement,False,False,False,9,-0.34,0.0,0.231,0.769,negative,enhanced_aggressive,positive,0.6416,negative → positive
UgyJQKJwWW_-O7cAwDx4AaABAg,"Here b4 a million views!!
Can’t wait to link up with you again 🔥🎥🎵 I’ll gladly shoot your video!","Here b4 a million views!!
Can’t wait to link up with you again 🔥🎥🎵 I’ll gladly shoot your video!",Raiche,6bA0eiekB5A,high_engagement,False,False,True,19,-0.5067,0.085,0.202,0.712,negative,enhanced_aggressive,positive,0.7283,negative → positive
Ugximk-8xmw6vGSHbzN4AaABAg,🤦🏾‍♂️dis nigga too pressure🔥🔥🔥,🤦🏾‍♂️dis nigga too pressure🔥🔥🔥,BiC Fizzle,5Y8f7FpAF2Y,high_engagement,True,False,False,4,-0.8126,0.0,0.511,0.489,negative,enhanced_aggressive,positive,0.9104,negative → positive
UgwB1aZcuSPQ_X-oeol4AaABAg,Yo this is fire,Yo this is fire,Corook,UO0snanNWvg,high_engagement,False,False,False,4,-0.34,0.0,0.444,0.556,negative,enhanced_aggressive,positive,0.6416,negative → positive
UgxA85dOnnEa_056nRh4AaABAg,The album gonna be🔥🔥🔥💃🏾💃🏾💃🏾💃🏾,The album gonna be🔥🔥🔥💃🏾💃🏾💃🏾💃🏾,Flyana Boss,sEv2faib5p4,high_engagement,False,False,False,4,-0.7351,0.0,0.231,0.769,negative,enhanced_aggressive,positive,0.929,negative → positive
UgxayeAoS6pKbD6rSCl4AaABAg,Ain't seen nothing this original in a minute. Obsessed.,Ain't seen nothing this original in a minute. Obsessed.,Flyana Boss,1el1xIBiUcE,high_engagement,False,False,False,9,-0.4409,0.0,0.358,0.642,negative,enhanced_aggressive,positive,0.2954,negative → positive
UgzL_UMcfYu-dwfCgTt4AaABAg,"The song, the camera work…🔥🔥🔥","The song, the camera work…🔥🔥🔥",Flyana Boss,Hg5D3M3xORM,high_engagement,False,False,False,5,-0.7351,0.0,0.59,0.41,negative,enhanced_aggressive,positive,0.929,negative → positive
UgyFAI6HQ4F2GRKbuld4AaABAg,Another bop. 🔥,Another bop. 🔥,Flyana Boss,2fawj2f8qSc,high_engagement,False,False,False,3,-0.34,0.0,0.545,0.455,negative,enhanced_aggressive,positive,0.8243,negative → positive
UgxTKPm4o-NXK5tR_oV4AaABAg,TLC vibes,TLC vibes,Flyana Boss,gO27AB_S9hs,high_engagement,False,True,False,2,0.0,0.0,0.0,1.0,neutral,enhanced_aggressive,positive,0.4215,neutral → positive
Ugym-47nADLX3PHwI0V4AaABAg,"Aye how can I say this…..it’s fire, the beat,y’all flow, it’s all fire. Don’t stop","Aye how can I say this…..it’s fire, the beat,y’all flow, it’s all fire. Don’t stop",Flyana Boss,Yejow_ylKJI,high_engagement,False,False,False,15,-0.7184,0.0,0.368,0.632,negative,enhanced_aggressive,positive,0.8063,negative → positive
UgwAkmlSS_n7qcujde14AaABAg,"This song is such a banger, on loop 24/7","This song is such a banger, on loop 24/7",re6ce,KGCHS7XYyGM,high_engagement,False,False,False,9,0.0,0.0,0.0,1.0,neutral,enhanced_aggressive,positive,0.6416,neutral → positive
UgzEhvraht3-wRR6k114AaABAg,SHIIIIIIIIIIII- 🔥🔥🔥🔥🔥,SHIIIIIIIIIIII- 🔥🔥🔥🔥🔥,Raiche,ZEbhhfn7zew,high_engagement,False,True,False,2,-0.875,0.0,0.923,0.077,negative,enhanced_aggressive,positive,0.9726,negative → positive
UgwxdJCFgss1ZUaGart4AaABAg,Obsessed with the little exit chorus at the end,Obsessed with the little exit chorus at the end,COBRAH,LvWYkR-J1XQ,high_engagement,False,False,False,9,-0.1779,0.0,0.175,0.825,negative,enhanced_aggressive,positive,0.5267,negative → positive
UgyArUcdboQe3z0r42F4AaABAg,This goes hard,This goes hard,Flyana Boss,asZctgZ3WAY,high_engagement,False,False,False,3,-0.1027,0.0,0.412,0.588,negative,enhanced_aggressive,positive,0.5574,negative → positive
UgwUnQlE5taqzf38dw94AaABAg,That picture or her is giving Hellraiser.🔥🔥🔥,That picture or her is giving Hellraiser.🔥🔥🔥,COBRAH,LvWYkR-J1XQ,high_engagement,False,False,False,7,-0.5859,0.154,0.462,0.385,negative,enhanced_aggressive,positive,0.9444,negative → positive
UgwdLKEn3Zm572NAkid4AaABAg,Yeah this is going on the gym playlist 🔥🔥🔥🔥🔥🔥,Yeah this is going on the gym playlist 🔥🔥🔥🔥🔥🔥,Flyana Boss,FjzVtPozZrs,high_engagement,False,False,False,9,-0.8807,0.093,0.61,0.297,negative,enhanced_aggressive,positive,0.9828,negative → positive
UgwHgR5_FNmQ2NOIG0l4AaABAg,Mother feeding us our summer bops,Mother feeding us our summer bops,COBRAH,mcrdqSJNYlk,high_engagement,False,False,False,6,0.0,0.0,0.0,1.0,neutral,enhanced_aggressive,positive,0.3612,neutral → positive
UgwJ85vgjc1f8y3WmI54AaABAg,Young Lyricist's right here 🔥 need more of this duo 💯,Young Lyricist's right here 🔥 need more of this duo 💯,BiC Fizzle,Drxn6eYRg4Y,high_engagement,False,False,False,11,-0.34,0.0,0.179,0.821,negative,enhanced_aggressive,positive,0.6416,negative → positive
Ugx5f8w04AjY_E_YYwh4AaABAg,This beat so hard mane 🔥🔥🔥🔥🔥🫱🏾‍🫲🏿,This beat so hard mane 🔥🔥🔥🔥🔥🫱🏾‍🫲🏿,BiC Fizzle,NESZwtElTWU,high_engagement,True,False,False,6,-0.8667,0.0,0.516,0.484,negative,enhanced_aggressive,positive,0.9542,negative → positive
Ugy-Xzifk9nFWvt_-6Z4AaABAg,FINALLY a song for the cunty switches 😩✨🫶🏽🩷💕🩷 obsessed!,FINALLY a song for the cunty switches 😩✨🫶🏽🩷💕🩷 obsessed!,Flyana Boss,4uMfNChaO8Y,high_engagement,True,True,False,9,-0.4753,0.0,0.226,0.774,negative,enhanced_aggressive,positive,0.3802,negative → positive
UgyGIFK-xDrHLqUPNH94AaABAg,Mother has been serving us this summer 😩,Mother has been serving us this summer 😩,COBRAH,mcrdqSJNYlk,high_engagement,True,False,False,8,-0.2732,0.0,0.208,0.792,negative,enhanced_aggressive,positive,0.1027,negative → positive
UgxXV-hPeC_dJhvwcDJ4AaABAg,She building all the anticipation 🔥🔥🔥🔥🔥,She building all the anticipation 🔥🔥🔥🔥🔥,COBRAH,vFTDbO647Ys,high_engagement,False,False,False,6,-0.8625,0.08,0.69,0.23,negative,enhanced_aggressive,positive,0.9738,negative → positive
Ugzq3H4emgowMoSn7Ax4AaABAg,"both of u are still incredible, stay on it ❤‍🔥","both of u are still incredible, stay on it ❤‍🔥",re6ce,PntQqVjfRLc,high_engagement,False,False,False,10,-0.34,0.0,0.179,0.821,negative,enhanced_aggressive,positive,0.6416,negative → positive
UgxZAV9t09ftdFXpoF94AaABAg,"My girls are eating and leaving NO crumbs for the haters.
As successful as y'all are, considering how talented and how much of a fire bangger all the music is, y'all are SERIOUSLY underrated ❤️","My girls are eating and leaving NO crumbs for the haters.
As successful as y'all are, considering how talented and how much of a fire bangger all the music is, y'all are SERIOUSLY underrated ❤️",Flyana Boss,lM8oYQCqOqk,high_engagement,False,True,False,35,-0.434,0.148,0.228,0.624,negative,enhanced_hybrid,positive,0.4997,negative → positive
UgwIM50BX6rDExOJzCN4AaABAg,"Fire drop, from favourite artist","Fire drop, from favourite artist",re6ce,lyucNWtLwMM,high_engagement,False,False,False,5,-0.5423,0.0,0.6,0.4,negative,enhanced_hybrid,positive,0.3818,negative → positive
UgxCfvA-FBd8P4pi3Pp4AaABAg,Everything these ladies drop be fire.🙏,Everything these ladies drop be fire.🙏,Flyana Boss,zuw4fXFYiWk,high_engagement,True,False,False,6,-0.5423,0.0,0.429,0.571,negative,enhanced_hybrid,positive,0.3818,negative → positive
UgzlZKOf-IB4Ikk8q5p4AaABAg,This a prime example of why I support everything 1017 💯🔥🔥🔥,This a prime example of why I support everything 1017 💯🔥🔥🔥,BiC Fizzle,pSPryuOsTdc,high_engagement,False,False,False,11,-0.5423,0.129,0.344,0.526,negative,enhanced_hybrid,positive,0.93,negative → positive
Ugx-RYsYMkkmi-Tt6YZ4AaABAg,I’m begging for a longer version. This song SLAPS,I’m begging for a longer version. This song SLAPS,Flyana Boss,cdOYQPESf2U,high_engagement,False,True,False,9,0.0,0.0,0.0,1.0,neutral,enhanced_hybrid,positive,0.6523,neutral → positive
UgxnMOa6dqw5RSZ8t9l4AaABAg,"Oh yeah, this is 🔥","Oh yeah, this is 🔥",Flyana Boss,GfKKbtp078U,high_engagement,False,False,False,5,-0.0516,0.289,0.316,0.395,negative,enhanced_hybrid,positive,0.7096,negative → positive
Ugz2H4toQ5OU9q0G7Xl4AaABAg,Blytheville Is UP🔥🔥🔥🔥💪🏿💪🏿💪🏿💪🏿!!!!,Blytheville Is UP🔥🔥🔥🔥💪🏿💪🏿💪🏿💪🏿!!!!,BiC Fizzle,mh7QcuggbmA,high_engagement,False,False,True,3,-0.8679,0.0,0.319,0.681,negative,enhanced_hybrid,positive,0.9514,negative → positive
Ugzg-bk86fjTtK-LoIF4AaABAg,Now this a hella banger,Now this a hella banger,Flyana Boss,sEv2faib5p4,high_engagement,False,False,False,5,0.0,0.0,0.0,1.0,neutral,enhanced_hybrid,positive,0.6115,neutral → positive
UgwzD9KKJraPmdwRRot4AaABAg,They dope as a mf.....Letssss go🔥🔥🔥🔥🔥They are very unique they not looking like everyone else...They got there own style they got something with this...They are mf superstars in the mf making....,They dope as a mf.....Letssss go🔥🔥🔥🔥🔥They are very unique they not looking like everyone else...They got there own style they got something with this...They are mf superstars in the mf making....,Flyana Boss,jPrF8zVf4eg,high_engagement,False,False,False,31,-0.8661,0.0,0.274,0.726,negative,enhanced_hybrid,positive,0.9286,negative → positive
UgxofOYfMhRRAOwyrph4AaABAg,"""FIRE OBSSESION"" você me paga por me viciar nessa obra prima","""FIRE OBSSESION"" você me paga por me viciar nessa obra prima",Raiche,2gGD4sIONoo,high_engagement,False,True,False,11,-0.4824,0.0,0.239,0.761,negative,enhanced_hybrid,positive,0.6633,negative → positive
UgzRXQdgx4bb59hcUGJ4AaABAg,I was fine before this song dropped. This fire,I was fine before this song dropped. This fire,Raiche,hwfSuRLbetY,high_engagement,False,False,False,9,-0.2382,0.156,0.238,0.606,negative,enhanced_hybrid,positive,0.7331,negative → positive
UgxFCjLVs5M6_0IWPN14AaABAg,"""I'm a beast I thought I said"" fire line","""I'm a beast I thought I said"" fire line",Flyana Boss,YDRSKyxMj30,high_engagement,False,False,False,9,-0.34,0.0,0.231,0.769,negative,enhanced_hybrid,positive,0.5719,negative → positive
UgyJQKJwWW_-O7cAwDx4AaABAg,"Here b4 a million views!!
Can’t wait to link up with you again 🔥🎥🎵 I’ll gladly shoot your video!","Here b4 a million views!!
Can’t wait to link up with you again 🔥🎥🎵 I’ll gladly shoot your video!",Raiche,6bA0eiekB5A,high_engagement,False,False,True,19,-0.5067,0.085,0.202,0.712,negative,enhanced_hybrid,positive,0.6784,negative → positive
Ugximk-8xmw6vGSHbzN4AaABAg,🤦🏾‍♂️dis nigga too pressure🔥🔥🔥,🤦🏾‍♂️dis nigga too pressure🔥🔥🔥,BiC Fizzle,5Y8f7FpAF2Y,high_engagement,True,False,False,4,-0.8126,0.0,0.511,0.489,negative,enhanced_hybrid,positive,0.872,negative → positive
UgwB1aZcuSPQ_X-oeol4AaABAg,Yo this is fire,Yo this is fire,Corook,UO0snanNWvg,high_engagement,False,False,False,4,-0.34,0.0,0.444,0.556,negative,enhanced_hybrid,positive,0.5719,negative → positive
UgxA85dOnnEa_056nRh4AaABAg,The album gonna be🔥🔥🔥💃🏾💃🏾💃🏾💃🏾,The album gonna be🔥🔥🔥💃🏾💃🏾💃🏾💃🏾,Flyana Boss,sEv2faib5p4,high_engagement,False,False,False,4,-0.7351,0.0,0.231,0.769,negative,enhanced_hybrid,positive,0.9022,negative → positive
UgzL_UMcfYu-dwfCgTt4AaABAg,"The song, the camera work…🔥🔥🔥","The song, the camera work…🔥🔥🔥",Flyana Boss,Hg5D3M3xORM,high_engagement,False,False,False,5,-0.7351,0.0,0.59,0.41,negative,enhanced_hybrid,positive,0.9022,negative → positive
UgyFAI6HQ4F2GRKbuld4AaABAg,Another bop. 🔥,Another bop. 🔥,Flyana Boss,2fawj2f8qSc,high_engagement,False,False,False,3,-0.34,0.0,0.545,0.455,negative,enhanced_hybrid,positive,0.7964,negative → positive
Ugypbl118Oq9SBnaJmB4AaABAg,Every damn song is catchy AF,Every damn song is catchy AF,Flyana Boss,2fawj2f8qSc,high_engagement,False,False,False,6,-0.4019,0.0,0.351,0.649,negative,enhanced_hybrid,neutral,0.0,negative → neutral
Ugym-47nADLX3PHwI0V4AaABAg,"Aye how can I say this…..it’s fire, the beat,y’all flow, it’s all fire. Don’t stop","Aye how can I say this…..it’s fire, the beat,y’all flow, it’s all fire. Don’t stop",Flyana Boss,Yejow_ylKJI,high_engagement,False,False,False,15,-0.7184,0.0,0.368,0.632,negative,enhanced_hybrid,positive,0.7351,negative → positive
UgwAkmlSS_n7qcujde14AaABAg,"This song is such a banger, on loop 24/7","This song is such a banger, on loop 24/7",re6ce,KGCHS7XYyGM,high_engagement,False,False,False,9,0.0,0.0,0.0,1.0,neutral,enhanced_hybrid,positive,0.5719,neutral → positive
UgzEhvraht3-wRR6k114AaABAg,SHIIIIIIIIIIII- 🔥🔥🔥🔥🔥,SHIIIIIIIIIIII- 🔥🔥🔥🔥🔥,Raiche,ZEbhhfn7zew,high_engagement,False,True,False,2,-0.875,0.0,0.923,0.077,negative,enhanced_hybrid,positive,0.9612,negative → positive
UgyArUcdboQe3z0r42F4AaABAg,This goes hard,This goes hard,Flyana Boss,asZctgZ3WAY,high_engagement,False,False,False,3,-0.1027,0.0,0.412,0.588,negative,enhanced_hybrid,positive,0.5574,negative → positive
UgwUnQlE5taqzf38dw94AaABAg,That picture or her is giving Hellraiser.🔥🔥🔥,That picture or her is giving Hellraiser.🔥🔥🔥,COBRAH,LvWYkR-J1XQ,high_engagement,False,False,False,7,-0.5859,0.154,0.462,0.385,negative,enhanced_hybrid,positive,0.926,negative → positive
UgwdLKEn3Zm572NAkid4AaABAg,Yeah this is going on the gym playlist 🔥🔥🔥🔥🔥🔥,Yeah this is going on the gym playlist 🔥🔥🔥🔥🔥🔥,Flyana Boss,FjzVtPozZrs,high_engagement,False,False,False,9,-0.8807,0.093,0.61,0.297,negative,enhanced_hybrid,positive,0.9761,negative → positive
UgwJ85vgjc1f8y3WmI54AaABAg,Young Lyricist's right here 🔥 need more of this duo 💯,Young Lyricist's right here 🔥 need more of this duo 💯,BiC Fizzle,Drxn6eYRg4Y,high_engagement,False,False,False,11,-0.34,0.0,0.179,0.821,negative,enhanced_hybrid,positive,0.5719,negative → positive
UgyiU7oNtEhNLVvBYNF4AaABAg,"Mom getting itttttt

Hellcyes. Run that shit, Queens!","Mom getting itttttt

Hellcyes. Run that shit, Queens!",Flyana Boss,9Zb5adVxh_o,high_engagement,False,False,False,8,-0.5983,0.0,0.357,0.643,negative,enhanced_hybrid,neutral,0.0,negative → neutral
Ugx5f8w04AjY_E_YYwh4AaABAg,This beat so hard mane 🔥🔥🔥🔥🔥🫱🏾‍🫲🏿,This beat so hard mane 🔥🔥🔥🔥🔥🫱🏾‍🫲🏿,BiC Fizzle,NESZwtElTWU,high_engagement,True,False,False,6,-0.8667,0.0,0.516,0.484,negative,enhanced_hybrid,positive,0.9348,negative → positive
UgxXV-hPeC_dJhvwcDJ4AaABAg,She building all the anticipation 🔥🔥🔥🔥🔥,She building all the anticipation 🔥🔥🔥🔥🔥,COBRAH,vFTDbO647Ys,high_engagement,False,False,False,6,-0.8625,0.08,0.69,0.23,negative,enhanced_hybrid,positive,0.9633,negative → positive
Ugzq3H4emgowMoSn7Ax4AaABAg,"both of u are still incredible, stay on it ❤‍🔥","both of u are still incredible, stay on it ❤‍🔥",re6ce,PntQqVjfRLc,high_engagement,False,False,False,10,-0.34,0.0,0.179,0.821,negative,enhanced_hybrid,positive,0.5719,negative → positive
